"ITTER107","Territorio","VARICT","Tipo dato","ATECO_2007","Ateco 2007","CLLVT","Classe di addetti","TIME","Seleziona periodo","Value","Flag Codes","Flags"
"IT","Italia","E_P3D_PERC","stampa 3D","C","attività manifatturiere","W10_49","10-49","2018","2018",6.97,,
"IT","Italia","E_P3D_PERC","stampa 3D","C","attività manifatturiere","W10_49","10-49","2020","2020",7.98,,
"IT","Italia","E_RBT_PERC","robot","C","attività manifatturiere","W10_49","10-49","2018","2018",16.03,,
"IT","Italia","E_RBT_PERC","robot","C","attività manifatturiere","W10_49","10-49","2020","2020",16.75,,
"IT","Italia","E_RBT_PERC","robot","C","attività manifatturiere","W10_49","10-49","2022","2022",15.2,,
"IT","Italia","E_RBTI_PERC","robot industriali","C","attività manifatturiere","W10_49","10-49","2018","2018",13.07,,
"IT","Italia","E_RBTI_PERC","robot industriali","C","attività manifatturiere","W10_49","10-49","2020","2020",13.9,,
"IT","Italia","E_RBTI_PERC","robot industriali","C","attività manifatturiere","W10_49","10-49","2022","2022",12.38,,
"IT","Italia","E_RBTS_PERC","robot di servizio","C","attività manifatturiere","W10_49","10-49","2018","2018",4.1,,
"IT","Italia","E_RBTS_PERC","robot di servizio","C","attività manifatturiere","W10_49","10-49","2020","2020",4.23,,
"IT","Italia","E_RBTS_PERC","robot di servizio","C","attività manifatturiere","W10_49","10-49","2022","2022",5.63,,
"IT","Italia","E_P3D_PERC","stampa 3D","C","attività manifatturiere","W_GE10","10 e più","2018","2018",9.12,,
"IT","Italia","E_P3D_PERC","stampa 3D","C","attività manifatturiere","W_GE10","10 e più","2020","2020",9.91,,
"IT","Italia","E_RBT_PERC","robot","C","attività manifatturiere","W_GE10","10 e più","2018","2018",19.25,,
"IT","Italia","E_RBT_PERC","robot","C","attività manifatturiere","W_GE10","10 e più","2020","2020",20.55,,
"IT","Italia","E_RBT_PERC","robot","C","attività manifatturiere","W_GE10","10 e più","2022","2022",19.08,,
"IT","Italia","E_RBTI_PERC","robot industriali","C","attività manifatturiere","W_GE10","10 e più","2018","2018",15.7,,
"IT","Italia","E_RBTI_PERC","robot industriali","C","attività manifatturiere","W_GE10","10 e più","2020","2020",17.41,,
"IT","Italia","E_RBTI_PERC","robot industriali","C","attività manifatturiere","W_GE10","10 e più","2022","2022",15.83,,
"IT","Italia","E_RBTS_PERC","robot di servizio","C","attività manifatturiere","W_GE10","10 e più","2018","2018",5.78,,
"IT","Italia","E_RBTS_PERC","robot di servizio","C","attività manifatturiere","W_GE10","10 e più","2020","2020",5.57,,
"IT","Italia","E_RBTS_PERC","robot di servizio","C","attività manifatturiere","W_GE10","10 e più","2022","2022",7.35,,
"IT","Italia","E_P3D_PERC","stampa 3D","C","attività manifatturiere","W50_99","50-99","2018","2018",18.66,,
"IT","Italia","E_P3D_PERC","stampa 3D","C","attività manifatturiere","W50_99","50-99","2020","2020",16.31,,
"IT","Italia","E_RBT_PERC","robot","C","attività manifatturiere","W50_99","50-99","2018","2018",30.31,,
"IT","Italia","E_RBT_PERC","robot","C","attività manifatturiere","W50_99","50-99","2020","2020",36.25,,
"IT","Italia","E_RBT_PERC","robot","C","attività manifatturiere","W50_99","50-99","2022","2022",32.92,,
"IT","Italia","E_RBTI_PERC","robot industriali","C","attività manifatturiere","W50_99","50-99","2018","2018",25.84,,
"IT","Italia","E_RBTI_PERC","robot industriali","C","attività manifatturiere","W50_99","50-99","2020","2020",33.49,,
"IT","Italia","E_RBTI_PERC","robot industriali","C","attività manifatturiere","W50_99","50-99","2022","2022",28.62,,
"IT","Italia","E_RBTS_PERC","robot di servizio","C","attività manifatturiere","W50_99","50-99","2018","2018",8.8,,
"IT","Italia","E_RBTS_PERC","robot di servizio","C","attività manifatturiere","W50_99","50-99","2020","2020",7.08,,
"IT","Italia","E_RBTS_PERC","robot di servizio","C","attività manifatturiere","W50_99","50-99","2022","2022",12.19,,
"IT","Italia","E_P3D_PERC","stampa 3D","C","attività manifatturiere","W100_249","100-249","2018","2018",25.04,,
"IT","Italia","E_P3D_PERC","stampa 3D","C","attività manifatturiere","W100_249","100-249","2020","2020",24.76,,
"IT","Italia","E_RBT_PERC","robot","C","attività manifatturiere","W100_249","100-249","2018","2018",45.55,,
"IT","Italia","E_RBT_PERC","robot","C","attività manifatturiere","W100_249","100-249","2020","2020",45.83,,
"IT","Italia","E_RBT_PERC","robot","C","attività manifatturiere","W100_249","100-249","2022","2022",43.74,,
"IT","Italia","E_RBTI_PERC","robot industriali","C","attività manifatturiere","W100_249","100-249","2018","2018",36.14,,
"IT","Italia","E_RBTI_PERC","robot industriali","C","attività manifatturiere","W100_249","100-249","2020","2020",39.29,,
"IT","Italia","E_RBTI_PERC","robot industriali","C","attività manifatturiere","W100_249","100-249","2022","2022",37.67,,
"IT","Italia","E_RBTS_PERC","robot di servizio","C","attività manifatturiere","W100_249","100-249","2018","2018",22.29,,
"IT","Italia","E_RBTS_PERC","robot di servizio","C","attività manifatturiere","W100_249","100-249","2020","2020",18.35,,
"IT","Italia","E_RBTS_PERC","robot di servizio","C","attività manifatturiere","W100_249","100-249","2022","2022",16.18,,
"IT","Italia","E_P3D_PERC","stampa 3D","C","attività manifatturiere","W_GE250","250 e più","2018","2018",29.97,,
"IT","Italia","E_P3D_PERC","stampa 3D","C","attività manifatturiere","W_GE250","250 e più","2020","2020",34.24,,
"IT","Italia","E_RBT_PERC","robot","C","attività manifatturiere","W_GE250","250 e più","2018","2018",59.58,,
"IT","Italia","E_RBT_PERC","robot","C","attività manifatturiere","W_GE250","250 e più","2020","2020",64.25,,
"IT","Italia","E_RBT_PERC","robot","C","attività manifatturiere","W_GE250","250 e più","2022","2022",61.1,,
"IT","Italia","E_RBTI_PERC","robot industriali","C","attività manifatturiere","W_GE250","250 e più","2018","2018",45.97,,
"IT","Italia","E_RBTI_PERC","robot industriali","C","attività manifatturiere","W_GE250","250 e più","2020","2020",54.1,,
"IT","Italia","E_RBTI_PERC","robot industriali","C","attività manifatturiere","W_GE250","250 e più","2022","2022",52.02,,
"IT","Italia","E_RBTS_PERC","robot di servizio","C","attività manifatturiere","W_GE250","250 e più","2018","2018",32.88,,
"IT","Italia","E_RBTS_PERC","robot di servizio","C","attività manifatturiere","W_GE250","250 e più","2020","2020",29.55,,
"IT","Italia","E_RBTS_PERC","robot di servizio","C","attività manifatturiere","W_GE250","250 e più","2022","2022",35.26,,
"IT","Italia","E_P3D_PERC","stampa 3D","F","costruzioni","W10_49","10-49","2018","2018",1.77,,
"IT","Italia","E_P3D_PERC","stampa 3D","F","costruzioni","W10_49","10-49","2020","2020",2.19,,
"IT","Italia","E_RBT_PERC","robot","F","costruzioni","W10_49","10-49","2018","2018",2.12,,
"IT","Italia","E_RBT_PERC","robot","F","costruzioni","W10_49","10-49","2020","2020",2.25,,
"IT","Italia","E_RBT_PERC","robot","F","costruzioni","W10_49","10-49","2022","2022",2.15,,
"IT","Italia","E_RBTI_PERC","robot industriali","F","costruzioni","W10_49","10-49","2018","2018",1.47,,
"IT","Italia","E_RBTI_PERC","robot industriali","F","costruzioni","W10_49","10-49","2020","2020",1.74,,
"IT","Italia","E_RBTI_PERC","robot industriali","F","costruzioni","W10_49","10-49","2022","2022",1.32,,
"IT","Italia","E_RBTS_PERC","robot di servizio","F","costruzioni","W10_49","10-49","2018","2018",0.79,,
"IT","Italia","E_RBTS_PERC","robot di servizio","F","costruzioni","W10_49","10-49","2020","2020",0.75,,
"IT","Italia","E_RBTS_PERC","robot di servizio","F","costruzioni","W10_49","10-49","2022","2022",1.18,,
"IT","Italia","E_P3D_PERC","stampa 3D","F","costruzioni","W_GE10","10 e più","2018","2018",1.89,,
"IT","Italia","E_P3D_PERC","stampa 3D","F","costruzioni","W_GE10","10 e più","2020","2020",2.29,,
"IT","Italia","E_RBT_PERC","robot","F","costruzioni","W_GE10","10 e più","2018","2018",2.18,,
"IT","Italia","E_RBT_PERC","robot","F","costruzioni","W_GE10","10 e più","2020","2020",2.59,,
"IT","Italia","E_RBT_PERC","robot","F","costruzioni","W_GE10","10 e più","2022","2022",2.37,,
"IT","Italia","E_RBTI_PERC","robot industriali","F","costruzioni","W_GE10","10 e più","2018","2018",1.54,,
"IT","Italia","E_RBTI_PERC","robot industriali","F","costruzioni","W_GE10","10 e più","2020","2020",2.03,,
"IT","Italia","E_RBTI_PERC","robot industriali","F","costruzioni","W_GE10","10 e più","2022","2022",1.49,,
"IT","Italia","E_RBTS_PERC","robot di servizio","F","costruzioni","W_GE10","10 e più","2018","2018",0.78,,
"IT","Italia","E_RBTS_PERC","robot di servizio","F","costruzioni","W_GE10","10 e più","2020","2020",0.91,,
"IT","Italia","E_RBTS_PERC","robot di servizio","F","costruzioni","W_GE10","10 e più","2022","2022",1.3,,
"IT","Italia","E_P3D_PERC","stampa 3D","F","costruzioni","W50_99","50-99","2018","2018",3.72,,
"IT","Italia","E_P3D_PERC","stampa 3D","F","costruzioni","W50_99","50-99","2020","2020",1.47,,
"IT","Italia","E_RBT_PERC","robot","F","costruzioni","W50_99","50-99","2018","2018",3.01,,
"IT","Italia","E_RBT_PERC","robot","F","costruzioni","W50_99","50-99","2020","2020",5.61,,
"IT","Italia","E_RBT_PERC","robot","F","costruzioni","W50_99","50-99","2022","2022",4.94,,
"IT","Italia","E_RBTI_PERC","robot industriali","F","costruzioni","W50_99","50-99","2018","2018",2.5,,
"IT","Italia","E_RBTI_PERC","robot industriali","F","costruzioni","W50_99","50-99","2020","2020",5.48,,
"IT","Italia","E_RBTI_PERC","robot industriali","F","costruzioni","W50_99","50-99","2022","2022",3.27,,
"IT","Italia","E_RBTS_PERC","robot di servizio","F","costruzioni","W50_99","50-99","2018","2018",0.51,,
"IT","Italia","E_RBTS_PERC","robot di servizio","F","costruzioni","W50_99","50-99","2020","2020",2.53,,
"IT","Italia","E_RBTS_PERC","robot di servizio","F","costruzioni","W50_99","50-99","2022","2022",2.66,,
"IT","Italia","E_P3D_PERC","stampa 3D","F","costruzioni","W100_249","100-249","2018","2018",4.02,,
"IT","Italia","E_P3D_PERC","stampa 3D","F","costruzioni","W100_249","100-249","2020","2020",10.44,,
"IT","Italia","E_RBT_PERC","robot","F","costruzioni","W100_249","100-249","2018","2018",2.72,,
"IT","Italia","E_RBT_PERC","robot","F","costruzioni","W100_249","100-249","2020","2020",13.02,,
"IT","Italia","E_RBT_PERC","robot","F","costruzioni","W100_249","100-249","2022","2022",5.26,,
"IT","Italia","E_RBTI_PERC","robot industriali","F","costruzioni","W100_249","100-249","2018","2018",2.32,,
"IT","Italia","E_RBTI_PERC","robot industriali","F","costruzioni","W100_249","100-249","2020","2020",8.25,,
"IT","Italia","E_RBTI_PERC","robot industriali","F","costruzioni","W100_249","100-249","2022","2022",5,,
"IT","Italia","E_RBTS_PERC","robot di servizio","F","costruzioni","W100_249","100-249","2018","2018",,"c","dato oscurato per la tutela del segreto statistico"
"IT","Italia","E_RBTS_PERC","robot di servizio","F","costruzioni","W100_249","100-249","2020","2020",4.78,,
"IT","Italia","E_RBTS_PERC","robot di servizio","F","costruzioni","W100_249","100-249","2022","2022",2.65,,
"IT","Italia","E_P3D_PERC","stampa 3D","F","costruzioni","W_GE250","250 e più","2018","2018",,"c","dato oscurato per la tutela del segreto statistico"
"IT","Italia","E_P3D_PERC","stampa 3D","F","costruzioni","W_GE250","250 e più","2020","2020",3.59,,
"IT","Italia","E_RBT_PERC","robot","F","costruzioni","W_GE250","250 e più","2018","2018",4.98,,
"IT","Italia","E_RBT_PERC","robot","F","costruzioni","W_GE250","250 e più","2020","2020",8.53,,
"IT","Italia","E_RBT_PERC","robot","F","costruzioni","W_GE250","250 e più","2022","2022",11.95,,
"IT","Italia","E_RBTI_PERC","robot industriali","F","costruzioni","W_GE250","250 e più","2018","2018",4.98,,
"IT","Italia","E_RBTI_PERC","robot industriali","F","costruzioni","W_GE250","250 e più","2020","2020",7.26,,
"IT","Italia","E_RBTI_PERC","robot industriali","F","costruzioni","W_GE250","250 e più","2022","2022",6.64,,
"IT","Italia","E_RBTS_PERC","robot di servizio","F","costruzioni","W_GE250","250 e più","2018","2018",,"c","dato oscurato per la tutela del segreto statistico"
"IT","Italia","E_RBTS_PERC","robot di servizio","F","costruzioni","W_GE250","250 e più","2020","2020",5.03,,
"IT","Italia","E_RBTS_PERC","robot di servizio","F","costruzioni","W_GE250","250 e più","2022","2022",7.82,,
"IT","Italia","E_P3D_PERC","stampa 3D","G","commercio all'ingrosso e al dettaglio, riparazione di autoveicoli e motocicli","W_GE10","10 e più","2018","2018",1.86,,
"IT","Italia","E_P3D_PERC","stampa 3D","G","commercio all'ingrosso e al dettaglio, riparazione di autoveicoli e motocicli","W_GE10","10 e più","2020","2020",2.47,,
"IT","Italia","E_RBT_PERC","robot","G","commercio all'ingrosso e al dettaglio, riparazione di autoveicoli e motocicli","W_GE10","10 e più","2018","2018",4.43,,
"IT","Italia","E_RBT_PERC","robot","G","commercio all'ingrosso e al dettaglio, riparazione di autoveicoli e motocicli","W_GE10","10 e più","2020","2020",4.44,,
"IT","Italia","E_RBT_PERC","robot","G","commercio all'ingrosso e al dettaglio, riparazione di autoveicoli e motocicli","W_GE10","10 e più","2022","2022",5.44,,
"IT","Italia","E_RBTI_PERC","robot industriali","G","commercio all'ingrosso e al dettaglio, riparazione di autoveicoli e motocicli","W_GE10","10 e più","2018","2018",1.48,,
"IT","Italia","E_RBTI_PERC","robot industriali","G","commercio all'ingrosso e al dettaglio, riparazione di autoveicoli e motocicli","W_GE10","10 e più","2020","2020",1.57,,
"IT","Italia","E_RBTI_PERC","robot industriali","G","commercio all'ingrosso e al dettaglio, riparazione di autoveicoli e motocicli","W_GE10","10 e più","2022","2022",2.34,,
"IT","Italia","E_RBTS_PERC","robot di servizio","G","commercio all'ingrosso e al dettaglio, riparazione di autoveicoli e motocicli","W_GE10","10 e più","2018","2018",3.33,,
"IT","Italia","E_RBTS_PERC","robot di servizio","G","commercio all'ingrosso e al dettaglio, riparazione di autoveicoli e motocicli","W_GE10","10 e più","2020","2020",3.18,,
"IT","Italia","E_RBTS_PERC","robot di servizio","G","commercio all'ingrosso e al dettaglio, riparazione di autoveicoli e motocicli","W_GE10","10 e più","2022","2022",3.63,,
"IT","Italia","E_P3D_PERC","stampa 3D","CA","industrie alimentari, delle bevande e del tabacco","W_GE10","10 e più","2018","2018",1.64,,
"IT","Italia","E_P3D_PERC","stampa 3D","CA","industrie alimentari, delle bevande e del tabacco","W_GE10","10 e più","2020","2020",1.63,,
"IT","Italia","E_RBT_PERC","robot","CA","industrie alimentari, delle bevande e del tabacco","W_GE10","10 e più","2018","2018",13.73,,
"IT","Italia","E_RBT_PERC","robot","CA","industrie alimentari, delle bevande e del tabacco","W_GE10","10 e più","2020","2020",18.26,,
"IT","Italia","E_RBT_PERC","robot","CA","industrie alimentari, delle bevande e del tabacco","W_GE10","10 e più","2022","2022",14,,
"IT","Italia","E_RBTI_PERC","robot industriali","CA","industrie alimentari, delle bevande e del tabacco","W_GE10","10 e più","2018","2018",6.18,,
"IT","Italia","E_RBTI_PERC","robot industriali","CA","industrie alimentari, delle bevande e del tabacco","W_GE10","10 e più","2020","2020",11.92,,
"IT","Italia","E_RBTI_PERC","robot industriali","CA","industrie alimentari, delle bevande e del tabacco","W_GE10","10 e più","2022","2022",7.11,,
"IT","Italia","E_RBTS_PERC","robot di servizio","CA","industrie alimentari, delle bevande e del tabacco","W_GE10","10 e più","2018","2018",8.88,,
"IT","Italia","E_RBTS_PERC","robot di servizio","CA","industrie alimentari, delle bevande e del tabacco","W_GE10","10 e più","2020","2020",8.83,,
"IT","Italia","E_RBTS_PERC","robot di servizio","CA","industrie alimentari, delle bevande e del tabacco","W_GE10","10 e più","2022","2022",9.09,,
"IT","Italia","E_P3D_PERC","stampa 3D","CB","industrie tessili, dell'abbigliamento, articoli in pelle e simili","W_GE10","10 e più","2018","2018",1.66,,
"IT","Italia","E_P3D_PERC","stampa 3D","CB","industrie tessili, dell'abbigliamento, articoli in pelle e simili","W_GE10","10 e più","2020","2020",2.35,,
"IT","Italia","E_RBT_PERC","robot","CB","industrie tessili, dell'abbigliamento, articoli in pelle e simili","W_GE10","10 e più","2018","2018",9.16,,
"IT","Italia","E_RBT_PERC","robot","CB","industrie tessili, dell'abbigliamento, articoli in pelle e simili","W_GE10","10 e più","2020","2020",10.2,,
"IT","Italia","E_RBT_PERC","robot","CB","industrie tessili, dell'abbigliamento, articoli in pelle e simili","W_GE10","10 e più","2022","2022",7.09,,
"IT","Italia","E_RBTI_PERC","robot industriali","CB","industrie tessili, dell'abbigliamento, articoli in pelle e simili","W_GE10","10 e più","2018","2018",8.4,,
"IT","Italia","E_RBTI_PERC","robot industriali","CB","industrie tessili, dell'abbigliamento, articoli in pelle e simili","W_GE10","10 e più","2020","2020",7.68,,
"IT","Italia","E_RBTI_PERC","robot industriali","CB","industrie tessili, dell'abbigliamento, articoli in pelle e simili","W_GE10","10 e più","2022","2022",5.8,,
"IT","Italia","E_RBTS_PERC","robot di servizio","CB","industrie tessili, dell'abbigliamento, articoli in pelle e simili","W_GE10","10 e più","2018","2018",1.01,,
"IT","Italia","E_RBTS_PERC","robot di servizio","CB","industrie tessili, dell'abbigliamento, articoli in pelle e simili","W_GE10","10 e più","2020","2020",4.46,,
"IT","Italia","E_RBTS_PERC","robot di servizio","CB","industrie tessili, dell'abbigliamento, articoli in pelle e simili","W_GE10","10 e più","2022","2022",1.78,,
"IT","Italia","E_P3D_PERC","stampa 3D","CC","industria dei prodotti in legno e carta, stampa","W_GE10","10 e più","2018","2018",2.42,,
"IT","Italia","E_P3D_PERC","stampa 3D","CC","industria dei prodotti in legno e carta, stampa","W_GE10","10 e più","2020","2020",2.31,,
"IT","Italia","E_RBT_PERC","robot","CC","industria dei prodotti in legno e carta, stampa","W_GE10","10 e più","2018","2018",12.4,,
"IT","Italia","E_RBT_PERC","robot","CC","industria dei prodotti in legno e carta, stampa","W_GE10","10 e più","2020","2020",13.69,,
"IT","Italia","E_RBT_PERC","robot","CC","industria dei prodotti in legno e carta, stampa","W_GE10","10 e più","2022","2022",11.52,,
"IT","Italia","E_RBTI_PERC","robot industriali","CC","industria dei prodotti in legno e carta, stampa","W_GE10","10 e più","2018","2018",10.56,,
"IT","Italia","E_RBTI_PERC","robot industriali","CC","industria dei prodotti in legno e carta, stampa","W_GE10","10 e più","2020","2020",11.86,,
"IT","Italia","E_RBTI_PERC","robot industriali","CC","industria dei prodotti in legno e carta, stampa","W_GE10","10 e più","2022","2022",10,,
"IT","Italia","E_RBTS_PERC","robot di servizio","CC","industria dei prodotti in legno e carta, stampa","W_GE10","10 e più","2018","2018",2.63,,
"IT","Italia","E_RBTS_PERC","robot di servizio","CC","industria dei prodotti in legno e carta, stampa","W_GE10","10 e più","2020","2020",2.77,,
"IT","Italia","E_RBTS_PERC","robot di servizio","CC","industria dei prodotti in legno e carta, stampa","W_GE10","10 e più","2022","2022",5.38,,
"IT","Italia","E_P3D_PERC","stampa 3D","CH","metallurgia  e fabbricazione di prodotti in metallo esclusi macchinari e attrezzature","W_GE10","10 e più","2018","2018",9.14,,
"IT","Italia","E_P3D_PERC","stampa 3D","CH","metallurgia  e fabbricazione di prodotti in metallo esclusi macchinari e attrezzature","W_GE10","10 e più","2020","2020",11.89,,
"IT","Italia","E_RBT_PERC","robot","CH","metallurgia  e fabbricazione di prodotti in metallo esclusi macchinari e attrezzature","W_GE10","10 e più","2018","2018",29.17,,
"IT","Italia","E_RBT_PERC","robot","CH","metallurgia  e fabbricazione di prodotti in metallo esclusi macchinari e attrezzature","W_GE10","10 e più","2020","2020",28.38,,
"IT","Italia","E_RBT_PERC","robot","CH","metallurgia  e fabbricazione di prodotti in metallo esclusi macchinari e attrezzature","W_GE10","10 e più","2022","2022",26.54,,
"IT","Italia","E_RBTI_PERC","robot industriali","CH","metallurgia  e fabbricazione di prodotti in metallo esclusi macchinari e attrezzature","W_GE10","10 e più","2018","2018",26.34,,
"IT","Italia","E_RBTI_PERC","robot industriali","CH","metallurgia  e fabbricazione di prodotti in metallo esclusi macchinari e attrezzature","W_GE10","10 e più","2020","2020",26.23,,
"IT","Italia","E_RBTI_PERC","robot industriali","CH","metallurgia  e fabbricazione di prodotti in metallo esclusi macchinari e attrezzature","W_GE10","10 e più","2022","2022",24.41,,
"IT","Italia","E_RBTS_PERC","robot di servizio","CH","metallurgia  e fabbricazione di prodotti in metallo esclusi macchinari e attrezzature","W_GE10","10 e più","2018","2018",4.94,,
"IT","Italia","E_RBTS_PERC","robot di servizio","CH","metallurgia  e fabbricazione di prodotti in metallo esclusi macchinari e attrezzature","W_GE10","10 e più","2020","2020",4.87,,
"IT","Italia","E_RBTS_PERC","robot di servizio","CH","metallurgia  e fabbricazione di prodotti in metallo esclusi macchinari e attrezzature","W_GE10","10 e più","2022","2022",6.88,,
"IT","Italia","E_P3D_PERC","stampa 3D","CL","fabbricazione di mezzi di trasporto","W_GE10","10 e più","2018","2018",25.43,,
"IT","Italia","E_P3D_PERC","stampa 3D","CL","fabbricazione di mezzi di trasporto","W_GE10","10 e più","2020","2020",,"c","dato oscurato per la tutela del segreto statistico"
"IT","Italia","E_RBT_PERC","robot","CL","fabbricazione di mezzi di trasporto","W_GE10","10 e più","2018","2018",41.41,,
"IT","Italia","E_RBT_PERC","robot","CL","fabbricazione di mezzi di trasporto","W_GE10","10 e più","2020","2020",,"c","dato oscurato per la tutela del segreto statistico"
"IT","Italia","E_RBT_PERC","robot","CL","fabbricazione di mezzi di trasporto","W_GE10","10 e più","2022","2022",41.57,,
"IT","Italia","E_RBTI_PERC","robot industriali","CL","fabbricazione di mezzi di trasporto","W_GE10","10 e più","2018","2018",32.66,,
"IT","Italia","E_RBTI_PERC","robot industriali","CL","fabbricazione di mezzi di trasporto","W_GE10","10 e più","2020","2020",,"c","dato oscurato per la tutela del segreto statistico"
"IT","Italia","E_RBTI_PERC","robot industriali","CL","fabbricazione di mezzi di trasporto","W_GE10","10 e più","2022","2022",41.44,,
"IT","Italia","E_RBTS_PERC","robot di servizio","CL","fabbricazione di mezzi di trasporto","W_GE10","10 e più","2018","2018",13.37,,
"IT","Italia","E_RBTS_PERC","robot di servizio","CL","fabbricazione di mezzi di trasporto","W_GE10","10 e più","2020","2020",7.77,,
"IT","Italia","E_RBTS_PERC","robot di servizio","CL","fabbricazione di mezzi di trasporto","W_GE10","10 e più","2022","2022",,"c","dato oscurato per la tutela del segreto statistico"
"IT","Italia","E_P3D_PERC","stampa 3D","CM","altre industrie manifatturiere, riparazione e installazione di macchine e apparecchiature","W_GE10","10 e più","2018","2018",13.76,,
"IT","Italia","E_P3D_PERC","stampa 3D","CM","altre industrie manifatturiere, riparazione e installazione di macchine e apparecchiature","W_GE10","10 e più","2020","2020",14.56,,
"IT","Italia","E_RBT_PERC","robot","CM","altre industrie manifatturiere, riparazione e installazione di macchine e apparecchiature","W_GE10","10 e più","2018","2018",12.23,,
"IT","Italia","E_RBT_PERC","robot","CM","altre industrie manifatturiere, riparazione e installazione di macchine e apparecchiature","W_GE10","10 e più","2020","2020",16.35,,
"IT","Italia","E_RBT_PERC","robot","CM","altre industrie manifatturiere, riparazione e installazione di macchine e apparecchiature","W_GE10","10 e più","2022","2022",13.26,,
"IT","Italia","E_RBTI_PERC","robot industriali","CM","altre industrie manifatturiere, riparazione e installazione di macchine e apparecchiature","W_GE10","10 e più","2018","2018",11.14,,
"IT","Italia","E_RBTI_PERC","robot industriali","CM","altre industrie manifatturiere, riparazione e installazione di macchine e apparecchiature","W_GE10","10 e più","2020","2020",15.2,,
"IT","Italia","E_RBTI_PERC","robot industriali","CM","altre industrie manifatturiere, riparazione e installazione di macchine e apparecchiature","W_GE10","10 e più","2022","2022",11.33,,
"IT","Italia","E_RBTS_PERC","robot di servizio","CM","altre industrie manifatturiere, riparazione e installazione di macchine e apparecchiature","W_GE10","10 e più","2018","2018",2.61,,
"IT","Italia","E_RBTS_PERC","robot di servizio","CM","altre industrie manifatturiere, riparazione e installazione di macchine e apparecchiature","W_GE10","10 e più","2020","2020",3.07,,
"IT","Italia","E_RBTS_PERC","robot di servizio","CM","altre industrie manifatturiere, riparazione e installazione di macchine e apparecchiature","W_GE10","10 e più","2022","2022",2.95,,
"IT","Italia","E_P3D_PERC","stampa 3D","JC","informatica ed altri servizi d'informazione","W_GE10","10 e più","2018","2018",1.68,,
"IT","Italia","E_P3D_PERC","stampa 3D","JC","informatica ed altri servizi d'informazione","W_GE10","10 e più","2020","2020",5.58,,
"IT","Italia","E_RBT_PERC","robot","JC","informatica ed altri servizi d'informazione","W_GE10","10 e più","2018","2018",1.68,,
"IT","Italia","E_RBT_PERC","robot","JC","informatica ed altri servizi d'informazione","W_GE10","10 e più","2020","2020",0.88,,
"IT","Italia","E_RBT_PERC","robot","JC","informatica ed altri servizi d'informazione","W_GE10","10 e più","2022","2022",0.44,,
"IT","Italia","E_RBTI_PERC","robot industriali","JC","informatica ed altri servizi d'informazione","W_GE10","10 e più","2018","2018",0.2,,
"IT","Italia","E_RBTI_PERC","robot industriali","JC","informatica ed altri servizi d'informazione","W_GE10","10 e più","2020","2020",0.31,,
"IT","Italia","E_RBTI_PERC","robot industriali","JC","informatica ed altri servizi d'informazione","W_GE10","10 e più","2022","2022",,"g","il fenomeno esiste, ma i dati non si conoscono per qualsiasi ragione"
"IT","Italia","E_RBTS_PERC","robot di servizio","JC","informatica ed altri servizi d'informazione","W_GE10","10 e più","2018","2018",1.51,,
"IT","Italia","E_RBTS_PERC","robot di servizio","JC","informatica ed altri servizi d'informazione","W_GE10","10 e più","2020","2020",0.64,,
"IT","Italia","E_RBTS_PERC","robot di servizio","JC","informatica ed altri servizi d'informazione","W_GE10","10 e più","2022","2022",0.44,,
"IT","Italia","E_P3D_PERC","stampa 3D","26","computer e prodotti di elettronica e ottica; apparecchi elettromedicali, apparecchi di misurazione e orologi","W_GE10","10 e più","2018","2018",30.33,,
"IT","Italia","E_P3D_PERC","stampa 3D","26","computer e prodotti di elettronica e ottica; apparecchi elettromedicali, apparecchi di misurazione e orologi","W_GE10","10 e più","2020","2020",40,,
"IT","Italia","E_RBT_PERC","robot","26","computer e prodotti di elettronica e ottica; apparecchi elettromedicali, apparecchi di misurazione e orologi","W_GE10","10 e più","2018","2018",19.03,,
"IT","Italia","E_RBT_PERC","robot","26","computer e prodotti di elettronica e ottica; apparecchi elettromedicali, apparecchi di misurazione e orologi","W_GE10","10 e più","2020","2020",21.66,,
"IT","Italia","E_RBT_PERC","robot","26","computer e prodotti di elettronica e ottica; apparecchi elettromedicali, apparecchi di misurazione e orologi","W_GE10","10 e più","2022","2022",18.9,,
"IT","Italia","E_RBTI_PERC","robot industriali","26","computer e prodotti di elettronica e ottica; apparecchi elettromedicali, apparecchi di misurazione e orologi","W_GE10","10 e più","2018","2018",13.65,,
"IT","Italia","E_RBTI_PERC","robot industriali","26","computer e prodotti di elettronica e ottica; apparecchi elettromedicali, apparecchi di misurazione e orologi","W_GE10","10 e più","2020","2020",18.43,,
"IT","Italia","E_RBTI_PERC","robot industriali","26","computer e prodotti di elettronica e ottica; apparecchi elettromedicali, apparecchi di misurazione e orologi","W_GE10","10 e più","2022","2022",15.39,,
"IT","Italia","E_RBTS_PERC","robot di servizio","26","computer e prodotti di elettronica e ottica; apparecchi elettromedicali, apparecchi di misurazione e orologi","W_GE10","10 e più","2018","2018",9.8,,
"IT","Italia","E_RBTS_PERC","robot di servizio","26","computer e prodotti di elettronica e ottica; apparecchi elettromedicali, apparecchi di misurazione e orologi","W_GE10","10 e più","2020","2020",9.13,,
"IT","Italia","E_RBTS_PERC","robot di servizio","26","computer e prodotti di elettronica e ottica; apparecchi elettromedicali, apparecchi di misurazione e orologi","W_GE10","10 e più","2022","2022",9.37,,
"IT","Italia","E_P3D_PERC","stampa 3D","47","commercio al dettaglio (escluso quello di autoveicoli e di motocicli)","W_GE10","10 e più","2018","2018",0.87,,
"IT","Italia","E_P3D_PERC","stampa 3D","47","commercio al dettaglio (escluso quello di autoveicoli e di motocicli)","W_GE10","10 e più","2020","2020",1.18,,
"IT","Italia","E_RBT_PERC","robot","47","commercio al dettaglio (escluso quello di autoveicoli e di motocicli)","W_GE10","10 e più","2018","2018",3.6,,
"IT","Italia","E_RBT_PERC","robot","47","commercio al dettaglio (escluso quello di autoveicoli e di motocicli)","W_GE10","10 e più","2020","2020",4.66,,
"IT","Italia","E_RBT_PERC","robot","47","commercio al dettaglio (escluso quello di autoveicoli e di motocicli)","W_GE10","10 e più","2022","2022",5.78,,
"IT","Italia","E_RBTI_PERC","robot industriali","47","commercio al dettaglio (escluso quello di autoveicoli e di motocicli)","W_GE10","10 e più","2018","2018",0.15,,
"IT","Italia","E_RBTI_PERC","robot industriali","47","commercio al dettaglio (escluso quello di autoveicoli e di motocicli)","W_GE10","10 e più","2020","2020",0.58,,
"IT","Italia","E_RBTI_PERC","robot industriali","47","commercio al dettaglio (escluso quello di autoveicoli e di motocicli)","W_GE10","10 e più","2022","2022",2.08,,
"IT","Italia","E_RBTS_PERC","robot di servizio","47","commercio al dettaglio (escluso quello di autoveicoli e di motocicli)","W_GE10","10 e più","2018","2018",3.48,,
"IT","Italia","E_RBTS_PERC","robot di servizio","47","commercio al dettaglio (escluso quello di autoveicoli e di motocicli)","W_GE10","10 e più","2020","2020",4.21,,
"IT","Italia","E_RBTS_PERC","robot di servizio","47","commercio al dettaglio (escluso quello di autoveicoli e di motocicli)","W_GE10","10 e più","2022","2022",4.03,,
"IT","Italia","E_P3D_PERC","stampa 3D","53","servizi postali e attività di corriere","W_GE10","10 e più","2018","2018",,"g","il fenomeno esiste, ma i dati non si conoscono per qualsiasi ragione"
"IT","Italia","E_P3D_PERC","stampa 3D","53","servizi postali e attività di corriere","W_GE10","10 e più","2020","2020",,"g","il fenomeno esiste, ma i dati non si conoscono per qualsiasi ragione"
"IT","Italia","E_RBT_PERC","robot","53","servizi postali e attività di corriere","W_GE10","10 e più","2018","2018",,"g","il fenomeno esiste, ma i dati non si conoscono per qualsiasi ragione"
"IT","Italia","E_RBT_PERC","robot","53","servizi postali e attività di corriere","W_GE10","10 e più","2020","2020",1.93,,
"IT","Italia","E_RBT_PERC","robot","53","servizi postali e attività di corriere","W_GE10","10 e più","2022","2022",1.28,,
"IT","Italia","E_RBTI_PERC","robot industriali","53","servizi postali e attività di corriere","W_GE10","10 e più","2018","2018",,"g","il fenomeno esiste, ma i dati non si conoscono per qualsiasi ragione"
"IT","Italia","E_RBTI_PERC","robot industriali","53","servizi postali e attività di corriere","W_GE10","10 e più","2020","2020",,"c","dato oscurato per la tutela del segreto statistico"
"IT","Italia","E_RBTI_PERC","robot industriali","53","servizi postali e attività di corriere","W_GE10","10 e più","2022","2022",,"c","dato oscurato per la tutela del segreto statistico"
"IT","Italia","E_RBTS_PERC","robot di servizio","53","servizi postali e attività di corriere","W_GE10","10 e più","2018","2018",,"g","il fenomeno esiste, ma i dati non si conoscono per qualsiasi ragione"
"IT","Italia","E_RBTS_PERC","robot di servizio","53","servizi postali e attività di corriere","W_GE10","10 e più","2020","2020",1.93,,
"IT","Italia","E_RBTS_PERC","robot di servizio","53","servizi postali e attività di corriere","W_GE10","10 e più","2022","2022",1.28,,
"IT","Italia","E_P3D_PERC","stampa 3D","55","alloggio","W_GE10","10 e più","2018","2018",0.6,,
"IT","Italia","E_P3D_PERC","stampa 3D","55","alloggio","W_GE10","10 e più","2020","2020",2.31,,
"IT","Italia","E_RBT_PERC","robot","55","alloggio","W_GE10","10 e più","2018","2018",3.26,,
"IT","Italia","E_RBT_PERC","robot","55","alloggio","W_GE10","10 e più","2020","2020",1.46,,
"IT","Italia","E_RBT_PERC","robot","55","alloggio","W_GE10","10 e più","2022","2022",2.15,,
"IT","Italia","E_RBTI_PERC","robot industriali","55","alloggio","W_GE10","10 e più","2018","2018",,"g","il fenomeno esiste, ma i dati non si conoscono per qualsiasi ragione"
"IT","Italia","E_RBTI_PERC","robot industriali","55","alloggio","W_GE10","10 e più","2020","2020",0.56,,
"IT","Italia","E_RBTI_PERC","robot industriali","55","alloggio","W_GE10","10 e più","2022","2022",0.08,,
"IT","Italia","E_RBTS_PERC","robot di servizio","55","alloggio","W_GE10","10 e più","2018","2018",3.26,,
"IT","Italia","E_RBTS_PERC","robot di servizio","55","alloggio","W_GE10","10 e più","2020","2020",0.9,,
"IT","Italia","E_RBTS_PERC","robot di servizio","55","alloggio","W_GE10","10 e più","2022","2022",2.08,,
"IT","Italia","E_P3D_PERC","stampa 3D","56","attività dei servizi di ristorazione","W_GE10","10 e più","2018","2018",0.18,,
"IT","Italia","E_P3D_PERC","stampa 3D","56","attività dei servizi di ristorazione","W_GE10","10 e più","2020","2020",0.14,,
"IT","Italia","E_RBT_PERC","robot","56","attività dei servizi di ristorazione","W_GE10","10 e più","2018","2018",1.56,,
"IT","Italia","E_RBT_PERC","robot","56","attività dei servizi di ristorazione","W_GE10","10 e più","2020","2020",0.64,,
"IT","Italia","E_RBT_PERC","robot","56","attività dei servizi di ristorazione","W_GE10","10 e più","2022","2022",0.3,,
"IT","Italia","E_RBTI_PERC","robot industriali","56","attività dei servizi di ristorazione","W_GE10","10 e più","2018","2018",0.17,,
"IT","Italia","E_RBTI_PERC","robot industriali","56","attività dei servizi di ristorazione","W_GE10","10 e più","2020","2020",0.62,,
"IT","Italia","E_RBTI_PERC","robot industriali","56","attività dei servizi di ristorazione","W_GE10","10 e più","2022","2022",0.16,,
"IT","Italia","E_RBTS_PERC","robot di servizio","56","attività dei servizi di ristorazione","W_GE10","10 e più","2018","2018",1.4,,
"IT","Italia","E_RBTS_PERC","robot di servizio","56","attività dei servizi di ristorazione","W_GE10","10 e più","2020","2020",0.63,,
"IT","Italia","E_RBTS_PERC","robot di servizio","56","attività dei servizi di ristorazione","W_GE10","10 e più","2022","2022",0.23,,
"IT","Italia","E_P3D_PERC","stampa 3D","58","attività editoriali","W_GE10","10 e più","2018","2018",4.97,,
"IT","Italia","E_P3D_PERC","stampa 3D","58","attività editoriali","W_GE10","10 e più","2020","2020",2.41,,
"IT","Italia","E_RBT_PERC","robot","58","attività editoriali","W_GE10","10 e più","2018","2018",1.06,,
"IT","Italia","E_RBT_PERC","robot","58","attività editoriali","W_GE10","10 e più","2020","2020",0.69,,
"IT","Italia","E_RBT_PERC","robot","58","attività editoriali","W_GE10","10 e più","2022","2022",0.93,,
"IT","Italia","E_RBTI_PERC","robot industriali","58","attività editoriali","W_GE10","10 e più","2018","2018",,"g","il fenomeno esiste, ma i dati non si conoscono per qualsiasi ragione"
"IT","Italia","E_RBTI_PERC","robot industriali","58","attività editoriali","W_GE10","10 e più","2020","2020",,"c","dato oscurato per la tutela del segreto statistico"
"IT","Italia","E_RBTI_PERC","robot industriali","58","attività editoriali","W_GE10","10 e più","2022","2022",0.93,,
"IT","Italia","E_RBTS_PERC","robot di servizio","58","attività editoriali","W_GE10","10 e più","2018","2018",1.06,,
"IT","Italia","E_RBTS_PERC","robot di servizio","58","attività editoriali","W_GE10","10 e più","2020","2020",,"c","dato oscurato per la tutela del segreto statistico"
"IT","Italia","E_RBTS_PERC","robot di servizio","58","attività editoriali","W_GE10","10 e più","2022","2022",,"g","il fenomeno esiste, ma i dati non si conoscono per qualsiasi ragione"
"IT","Italia","E_P3D_PERC","stampa 3D","61","telecomunicazioni","W_GE10","10 e più","2018","2018",3.43,,
"IT","Italia","E_P3D_PERC","stampa 3D","61","telecomunicazioni","W_GE10","10 e più","2020","2020",3.49,,
"IT","Italia","E_RBT_PERC","robot","61","telecomunicazioni","W_GE10","10 e più","2018","2018",,"g","il fenomeno esiste, ma i dati non si conoscono per qualsiasi ragione"
"IT","Italia","E_RBT_PERC","robot","61","telecomunicazioni","W_GE10","10 e più","2020","2020",,"c","dato oscurato per la tutela del segreto statistico"
"IT","Italia","E_RBT_PERC","robot","61","telecomunicazioni","W_GE10","10 e più","2022","2022",1.43,,
"IT","Italia","E_RBTI_PERC","robot industriali","61","telecomunicazioni","W_GE10","10 e più","2018","2018",,"g","il fenomeno esiste, ma i dati non si conoscono per qualsiasi ragione"
"IT","Italia","E_RBTI_PERC","robot industriali","61","telecomunicazioni","W_GE10","10 e più","2020","2020",,"g","il fenomeno esiste, ma i dati non si conoscono per qualsiasi ragione"
"IT","Italia","E_RBTI_PERC","robot industriali","61","telecomunicazioni","W_GE10","10 e più","2022","2022",,"g","il fenomeno esiste, ma i dati non si conoscono per qualsiasi ragione"
"IT","Italia","E_RBTS_PERC","robot di servizio","61","telecomunicazioni","W_GE10","10 e più","2018","2018",,"g","il fenomeno esiste, ma i dati non si conoscono per qualsiasi ragione"
"IT","Italia","E_RBTS_PERC","robot di servizio","61","telecomunicazioni","W_GE10","10 e più","2020","2020",,"c","dato oscurato per la tutela del segreto statistico"
"IT","Italia","E_RBTS_PERC","robot di servizio","61","telecomunicazioni","W_GE10","10 e più","2022","2022",1.43,,
"IT","Italia","E_P3D_PERC","stampa 3D","68","attività immobiliari","W_GE10","10 e più","2018","2018",3.97,,
"IT","Italia","E_P3D_PERC","stampa 3D","68","attività immobiliari","W_GE10","10 e più","2020","2020",2.07,,
"IT","Italia","E_RBT_PERC","robot","68","attività immobiliari","W_GE10","10 e più","2018","2018",1.88,,
"IT","Italia","E_RBT_PERC","robot","68","attività immobiliari","W_GE10","10 e più","2020","2020",2.19,,
"IT","Italia","E_RBT_PERC","robot","68","attività immobiliari","W_GE10","10 e più","2022","2022",0.55,,
"IT","Italia","E_RBTI_PERC","robot industriali","68","attività immobiliari","W_GE10","10 e più","2018","2018",0.81,,
"IT","Italia","E_RBTI_PERC","robot industriali","68","attività immobiliari","W_GE10","10 e più","2020","2020",,"g","il fenomeno esiste, ma i dati non si conoscono per qualsiasi ragione"
"IT","Italia","E_RBTI_PERC","robot industriali","68","attività immobiliari","W_GE10","10 e più","2022","2022",,"c","dato oscurato per la tutela del segreto statistico"
"IT","Italia","E_RBTS_PERC","robot di servizio","68","attività immobiliari","W_GE10","10 e più","2018","2018",1.07,,
"IT","Italia","E_RBTS_PERC","robot di servizio","68","attività immobiliari","W_GE10","10 e più","2020","2020",2.19,,
"IT","Italia","E_RBTS_PERC","robot di servizio","68","attività immobiliari","W_GE10","10 e più","2022","2022",,"c","dato oscurato per la tutela del segreto statistico"
"IT","Italia","E_P3D_PERC","stampa 3D","79","attività dei servizi delle agenzie di viaggio, dei tour operator e servizi di prenotazione e attività connesse","W_GE10","10 e più","2018","2018",0.44,,
"IT","Italia","E_P3D_PERC","stampa 3D","79","attività dei servizi delle agenzie di viaggio, dei tour operator e servizi di prenotazione e attività connesse","W_GE10","10 e più","2020","2020",0.97,,
"IT","Italia","E_RBT_PERC","robot","79","attività dei servizi delle agenzie di viaggio, dei tour operator e servizi di prenotazione e attività connesse","W_GE10","10 e più","2018","2018",0.45,,
"IT","Italia","E_RBT_PERC","robot","79","attività dei servizi delle agenzie di viaggio, dei tour operator e servizi di prenotazione e attività connesse","W_GE10","10 e più","2020","2020",1.31,,
"IT","Italia","E_RBT_PERC","robot","79","attività dei servizi delle agenzie di viaggio, dei tour operator e servizi di prenotazione e attività connesse","W_GE10","10 e più","2022","2022",,"g","il fenomeno esiste, ma i dati non si conoscono per qualsiasi ragione"
"IT","Italia","E_RBTI_PERC","robot industriali","79","attività dei servizi delle agenzie di viaggio, dei tour operator e servizi di prenotazione e attività connesse","W_GE10","10 e più","2018","2018",,"g","il fenomeno esiste, ma i dati non si conoscono per qualsiasi ragione"
"IT","Italia","E_RBTI_PERC","robot industriali","79","attività dei servizi delle agenzie di viaggio, dei tour operator e servizi di prenotazione e attività connesse","W_GE10","10 e più","2020","2020",1.31,,
"IT","Italia","E_RBTI_PERC","robot industriali","79","attività dei servizi delle agenzie di viaggio, dei tour operator e servizi di prenotazione e attività connesse","W_GE10","10 e più","2022","2022",,"g","il fenomeno esiste, ma i dati non si conoscono per qualsiasi ragione"
"IT","Italia","E_RBTS_PERC","robot di servizio","79","attività dei servizi delle agenzie di viaggio, dei tour operator e servizi di prenotazione e attività connesse","W_GE10","10 e più","2018","2018",0.45,,
"IT","Italia","E_RBTS_PERC","robot di servizio","79","attività dei servizi delle agenzie di viaggio, dei tour operator e servizi di prenotazione e attività connesse","W_GE10","10 e più","2020","2020",,"g","il fenomeno esiste, ma i dati non si conoscono per qualsiasi ragione"
"IT","Italia","E_RBTS_PERC","robot di servizio","79","attività dei servizi delle agenzie di viaggio, dei tour operator e servizi di prenotazione e attività connesse","W_GE10","10 e più","2022","2022",,"g","il fenomeno esiste, ma i dati non si conoscono per qualsiasi ragione"
"IT","Italia","E_P3D_PERC","stampa 3D","CD-CG","fabbricazione di coke e di prodotti derivanti dalla raffinazione del petrolio, di prodotti chimici,  di prodotti farmaceutici, di articoli in gomma e materie plastiche e di prodotti della lavorazione di minerali non metalliferi","W_GE10","10 e più","2018","2018",9.2,,
"IT","Italia","E_P3D_PERC","stampa 3D","CD-CG","fabbricazione di coke e di prodotti derivanti dalla raffinazione del petrolio, di prodotti chimici,  di prodotti farmaceutici, di articoli in gomma e materie plastiche e di prodotti della lavorazione di minerali non metalliferi","W_GE10","10 e più","2020","2020",8.2,,
"IT","Italia","E_RBT_PERC","robot","CD-CG","fabbricazione di coke e di prodotti derivanti dalla raffinazione del petrolio, di prodotti chimici,  di prodotti farmaceutici, di articoli in gomma e materie plastiche e di prodotti della lavorazione di minerali non metalliferi","W_GE10","10 e più","2018","2018",20.98,,
"IT","Italia","E_RBT_PERC","robot","CD-CG","fabbricazione di coke e di prodotti derivanti dalla raffinazione del petrolio, di prodotti chimici,  di prodotti farmaceutici, di articoli in gomma e materie plastiche e di prodotti della lavorazione di minerali non metalliferi","W_GE10","10 e più","2020","2020",22.34,,
"IT","Italia","E_RBT_PERC","robot","CD-CG","fabbricazione di coke e di prodotti derivanti dalla raffinazione del petrolio, di prodotti chimici,  di prodotti farmaceutici, di articoli in gomma e materie plastiche e di prodotti della lavorazione di minerali non metalliferi","W_GE10","10 e più","2022","2022",24.8,,
"IT","Italia","E_RBTI_PERC","robot industriali","CD-CG","fabbricazione di coke e di prodotti derivanti dalla raffinazione del petrolio, di prodotti chimici,  di prodotti farmaceutici, di articoli in gomma e materie plastiche e di prodotti della lavorazione di minerali non metalliferi","W_GE10","10 e più","2018","2018",14.16,,
"IT","Italia","E_RBTI_PERC","robot industriali","CD-CG","fabbricazione di coke e di prodotti derivanti dalla raffinazione del petrolio, di prodotti chimici,  di prodotti farmaceutici, di articoli in gomma e materie plastiche e di prodotti della lavorazione di minerali non metalliferi","W_GE10","10 e più","2020","2020",18.04,,
"IT","Italia","E_RBTI_PERC","robot industriali","CD-CG","fabbricazione di coke e di prodotti derivanti dalla raffinazione del petrolio, di prodotti chimici,  di prodotti farmaceutici, di articoli in gomma e materie plastiche e di prodotti della lavorazione di minerali non metalliferi","W_GE10","10 e più","2022","2022",17.01,,
"IT","Italia","E_RBTS_PERC","robot di servizio","CD-CG","fabbricazione di coke e di prodotti derivanti dalla raffinazione del petrolio, di prodotti chimici,  di prodotti farmaceutici, di articoli in gomma e materie plastiche e di prodotti della lavorazione di minerali non metalliferi","W_GE10","10 e più","2018","2018",9.85,,
"IT","Italia","E_RBTS_PERC","robot di servizio","CD-CG","fabbricazione di coke e di prodotti derivanti dalla raffinazione del petrolio, di prodotti chimici,  di prodotti farmaceutici, di articoli in gomma e materie plastiche e di prodotti della lavorazione di minerali non metalliferi","W_GE10","10 e più","2020","2020",6.79,,
"IT","Italia","E_RBTS_PERC","robot di servizio","CD-CG","fabbricazione di coke e di prodotti derivanti dalla raffinazione del petrolio, di prodotti chimici,  di prodotti farmaceutici, di articoli in gomma e materie plastiche e di prodotti della lavorazione di minerali non metalliferi","W_GE10","10 e più","2022","2022",11.96,,
"IT","Italia","E_P3D_PERC","stampa 3D","CJ-CK","fabbricazione di apparecchiature elettriche ed apparecchiature per uso domestico non elettriche e di macchinari ed apparecchiature nca","W_GE10","10 e più","2018","2018",16.05,,
"IT","Italia","E_P3D_PERC","stampa 3D","CJ-CK","fabbricazione di apparecchiature elettriche ed apparecchiature per uso domestico non elettriche e di macchinari ed apparecchiature nca","W_GE10","10 e più","2020","2020",15.36,,
"IT","Italia","E_RBT_PERC","robot","CJ-CK","fabbricazione di apparecchiature elettriche ed apparecchiature per uso domestico non elettriche e di macchinari ed apparecchiature nca","W_GE10","10 e più","2018","2018",24.23,,
"IT","Italia","E_RBT_PERC","robot","CJ-CK","fabbricazione di apparecchiature elettriche ed apparecchiature per uso domestico non elettriche e di macchinari ed apparecchiature nca","W_GE10","10 e più","2020","2020",24.79,,
"IT","Italia","E_RBT_PERC","robot","CJ-CK","fabbricazione di apparecchiature elettriche ed apparecchiature per uso domestico non elettriche e di macchinari ed apparecchiature nca","W_GE10","10 e più","2022","2022",22.94,,
"IT","Italia","E_RBTI_PERC","robot industriali","CJ-CK","fabbricazione di apparecchiature elettriche ed apparecchiature per uso domestico non elettriche e di macchinari ed apparecchiature nca","W_GE10","10 e più","2018","2018",20.79,,
"IT","Italia","E_RBTI_PERC","robot industriali","CJ-CK","fabbricazione di apparecchiature elettriche ed apparecchiature per uso domestico non elettriche e di macchinari ed apparecchiature nca","W_GE10","10 e più","2020","2020",20.94,,
"IT","Italia","E_RBTI_PERC","robot industriali","CJ-CK","fabbricazione di apparecchiature elettriche ed apparecchiature per uso domestico non elettriche e di macchinari ed apparecchiature nca","W_GE10","10 e più","2022","2022",20.22,,
"IT","Italia","E_RBTS_PERC","robot di servizio","CJ-CK","fabbricazione di apparecchiature elettriche ed apparecchiature per uso domestico non elettriche e di macchinari ed apparecchiature nca","W_GE10","10 e più","2018","2018",8.33,,
"IT","Italia","E_RBTS_PERC","robot di servizio","CJ-CK","fabbricazione di apparecchiature elettriche ed apparecchiature per uso domestico non elettriche e di macchinari ed apparecchiature nca","W_GE10","10 e più","2020","2020",6.65,,
"IT","Italia","E_RBTS_PERC","robot di servizio","CJ-CK","fabbricazione di apparecchiature elettriche ed apparecchiature per uso domestico non elettriche e di macchinari ed apparecchiature nca","W_GE10","10 e più","2022","2022",10.21,,
"IT","Italia","E_P3D_PERC","stampa 3D","JA_X_58","attività di produzione cinematografica, di video e di programmi televisivi, di registrazioni musicali e sonore","W_GE10","10 e più","2018","2018",6.29,,
"IT","Italia","E_P3D_PERC","stampa 3D","JA_X_58","attività di produzione cinematografica, di video e di programmi televisivi, di registrazioni musicali e sonore","W_GE10","10 e più","2020","2020",4.1,,
"IT","Italia","E_RBT_PERC","robot","JA_X_58","attività di produzione cinematografica, di video e di programmi televisivi, di registrazioni musicali e sonore","W_GE10","10 e più","2018","2018",,"c","dato oscurato per la tutela del segreto statistico"
"IT","Italia","E_RBT_PERC","robot","JA_X_58","attività di produzione cinematografica, di video e di programmi televisivi, di registrazioni musicali e sonore","W_GE10","10 e più","2020","2020",,"g","il fenomeno esiste, ma i dati non si conoscono per qualsiasi ragione"
"IT","Italia","E_RBT_PERC","robot","JA_X_58","attività di produzione cinematografica, di video e di programmi televisivi, di registrazioni musicali e sonore","W_GE10","10 e più","2022","2022",9.45,,
"IT","Italia","E_RBTI_PERC","robot industriali","JA_X_58","attività di produzione cinematografica, di video e di programmi televisivi, di registrazioni musicali e sonore","W_GE10","10 e più","2018","2018",,"g","il fenomeno esiste, ma i dati non si conoscono per qualsiasi ragione"
"IT","Italia","E_RBTI_PERC","robot industriali","JA_X_58","attività di produzione cinematografica, di video e di programmi televisivi, di registrazioni musicali e sonore","W_GE10","10 e più","2020","2020",,"g","il fenomeno esiste, ma i dati non si conoscono per qualsiasi ragione"
"IT","Italia","E_RBTI_PERC","robot industriali","JA_X_58","attività di produzione cinematografica, di video e di programmi televisivi, di registrazioni musicali e sonore","W_GE10","10 e più","2022","2022",1.29,,
"IT","Italia","E_RBTS_PERC","robot di servizio","JA_X_58","attività di produzione cinematografica, di video e di programmi televisivi, di registrazioni musicali e sonore","W_GE10","10 e più","2018","2018",,"c","dato oscurato per la tutela del segreto statistico"
"IT","Italia","E_RBTS_PERC","robot di servizio","JA_X_58","attività di produzione cinematografica, di video e di programmi televisivi, di registrazioni musicali e sonore","W_GE10","10 e più","2020","2020",,"g","il fenomeno esiste, ma i dati non si conoscono per qualsiasi ragione"
"IT","Italia","E_RBTS_PERC","robot di servizio","JA_X_58","attività di produzione cinematografica, di video e di programmi televisivi, di registrazioni musicali e sonore","W_GE10","10 e più","2022","2022",8.16,,
"IT","Italia","E_P3D_PERC","stampa 3D","0031","attività professionali, scientifiche e tecniche escluso servizi veterinari (m escluso 75)","W_GE10","10 e più","2018","2018",4.08,,
"IT","Italia","E_P3D_PERC","stampa 3D","0031","attività professionali, scientifiche e tecniche escluso servizi veterinari (m escluso 75)","W_GE10","10 e più","2020","2020",5.43,,
"IT","Italia","E_RBT_PERC","robot","0031","attività professionali, scientifiche e tecniche escluso servizi veterinari (m escluso 75)","W_GE10","10 e più","2018","2018",0.7,,
"IT","Italia","E_RBT_PERC","robot","0031","attività professionali, scientifiche e tecniche escluso servizi veterinari (m escluso 75)","W_GE10","10 e più","2020","2020",1.09,,
"IT","Italia","E_RBTI_PERC","robot industriali","0031","attività professionali, scientifiche e tecniche escluso servizi veterinari (m escluso 75)","W_GE10","10 e più","2018","2018",0.34,,
"IT","Italia","E_RBTI_PERC","robot industriali","0031","attività professionali, scientifiche e tecniche escluso servizi veterinari (m escluso 75)","W_GE10","10 e più","2020","2020",0.91,,
"IT","Italia","E_RBTS_PERC","robot di servizio","0031","attività professionali, scientifiche e tecniche escluso servizi veterinari (m escluso 75)","W_GE10","10 e più","2018","2018",0.54,,
"IT","Italia","E_RBTS_PERC","robot di servizio","0031","attività professionali, scientifiche e tecniche escluso servizi veterinari (m escluso 75)","W_GE10","10 e più","2020","2020",0.34,,
"IT","Italia","E_P3D_PERC","stampa 3D","0032","noleggio, agenzie di viaggio, servizi di supporto alle imprese escluso attività dei servizi delle agenzie di viaggio, dei tour operator e servizi di prenotazione e attività connesse (N escluso 79)","W_GE10","10 e più","2018","2018",5.83,,
"IT","Italia","E_P3D_PERC","stampa 3D","0032","noleggio, agenzie di viaggio, servizi di supporto alle imprese escluso attività dei servizi delle agenzie di viaggio, dei tour operator e servizi di prenotazione e attività connesse (N escluso 79)","W_GE10","10 e più","2020","2020",0.4,,
"IT","Italia","E_RBT_PERC","robot","0032","noleggio, agenzie di viaggio, servizi di supporto alle imprese escluso attività dei servizi delle agenzie di viaggio, dei tour operator e servizi di prenotazione e attività connesse (N escluso 79)","W_GE10","10 e più","2018","2018",5.91,,
"IT","Italia","E_RBT_PERC","robot","0032","noleggio, agenzie di viaggio, servizi di supporto alle imprese escluso attività dei servizi delle agenzie di viaggio, dei tour operator e servizi di prenotazione e attività connesse (N escluso 79)","W_GE10","10 e più","2020","2020",2.95,,
"IT","Italia","E_RBT_PERC","robot","0032","noleggio, agenzie di viaggio, servizi di supporto alle imprese escluso attività dei servizi delle agenzie di viaggio, dei tour operator e servizi di prenotazione e attività connesse (N escluso 79)","W_GE10","10 e più","2022","2022",3.19,,
"IT","Italia","E_RBTI_PERC","robot industriali","0032","noleggio, agenzie di viaggio, servizi di supporto alle imprese escluso attività dei servizi delle agenzie di viaggio, dei tour operator e servizi di prenotazione e attività connesse (N escluso 79)","W_GE10","10 e più","2018","2018",1.29,,
"IT","Italia","E_RBTI_PERC","robot industriali","0032","noleggio, agenzie di viaggio, servizi di supporto alle imprese escluso attività dei servizi delle agenzie di viaggio, dei tour operator e servizi di prenotazione e attività connesse (N escluso 79)","W_GE10","10 e più","2020","2020",1.9,,
"IT","Italia","E_RBTI_PERC","robot industriali","0032","noleggio, agenzie di viaggio, servizi di supporto alle imprese escluso attività dei servizi delle agenzie di viaggio, dei tour operator e servizi di prenotazione e attività connesse (N escluso 79)","W_GE10","10 e più","2022","2022",0.27,,
"IT","Italia","E_RBTS_PERC","robot di servizio","0032","noleggio, agenzie di viaggio, servizi di supporto alle imprese escluso attività dei servizi delle agenzie di viaggio, dei tour operator e servizi di prenotazione e attività connesse (N escluso 79)","W_GE10","10 e più","2018","2018",4.63,,
"IT","Italia","E_RBTS_PERC","robot di servizio","0032","noleggio, agenzie di viaggio, servizi di supporto alle imprese escluso attività dei servizi delle agenzie di viaggio, dei tour operator e servizi di prenotazione e attività connesse (N escluso 79)","W_GE10","10 e più","2020","2020",1.1,,
"IT","Italia","E_RBTS_PERC","robot di servizio","0032","noleggio, agenzie di viaggio, servizi di supporto alle imprese escluso attività dei servizi delle agenzie di viaggio, dei tour operator e servizi di prenotazione e attività connesse (N escluso 79)","W_GE10","10 e più","2022","2022",3.07,,
"IT","Italia","E_P3D_PERC","stampa 3D","0033","settore ict ","W_GE10","10 e più","2018","2018",5.95,,
"IT","Italia","E_P3D_PERC","stampa 3D","0033","settore ict ","W_GE10","10 e più","2020","2020",9.13,,
"IT","Italia","E_RBT_PERC","robot","0033","settore ict ","W_GE10","10 e più","2018","2018",4.18,,
"IT","Italia","E_RBT_PERC","robot","0033","settore ict ","W_GE10","10 e più","2020","2020",3.77,,
"IT","Italia","E_RBT_PERC","robot","0033","settore ict ","W_GE10","10 e più","2022","2022",3.92,,
"IT","Italia","E_RBTI_PERC","robot industriali","0033","settore ict ","W_GE10","10 e più","2018","2018",2.19,,
"IT","Italia","E_RBTI_PERC","robot industriali","0033","settore ict ","W_GE10","10 e più","2020","2020",2.77,,
"IT","Italia","E_RBTI_PERC","robot industriali","0033","settore ict ","W_GE10","10 e più","2022","2022",2.67,,
"IT","Italia","E_RBTS_PERC","robot di servizio","0033","settore ict ","W_GE10","10 e più","2018","2018",2.59,,
"IT","Italia","E_RBTS_PERC","robot di servizio","0033","settore ict ","W_GE10","10 e più","2020","2020",1.87,,
"IT","Italia","E_RBTS_PERC","robot di servizio","0033","settore ict ","W_GE10","10 e più","2022","2022",2.1,,
"IT","Italia","E_P3D_PERC","stampa 3D","0034","totale servizi non finanziari (g-n, incluso 951, escluso 75 e k)","W10_49","10-49","2018","2018",1.81,,
"IT","Italia","E_P3D_PERC","stampa 3D","0034","totale servizi non finanziari (g-n, incluso 951, escluso 75 e k)","W10_49","10-49","2020","2020",1.88,,
"IT","Italia","E_RBT_PERC","robot","0034","totale servizi non finanziari (g-n, incluso 951, escluso 75 e k)","W10_49","10-49","2018","2018",3.2,,
"IT","Italia","E_RBT_PERC","robot","0034","totale servizi non finanziari (g-n, incluso 951, escluso 75 e k)","W10_49","10-49","2020","2020",2.45,,
"IT","Italia","E_RBTI_PERC","robot industriali","0034","totale servizi non finanziari (g-n, incluso 951, escluso 75 e k)","W10_49","10-49","2018","2018",0.86,,
"IT","Italia","E_RBTI_PERC","robot industriali","0034","totale servizi non finanziari (g-n, incluso 951, escluso 75 e k)","W10_49","10-49","2020","2020",0.97,,
"IT","Italia","E_RBTS_PERC","robot di servizio","0034","totale servizi non finanziari (g-n, incluso 951, escluso 75 e k)","W10_49","10-49","2018","2018",2.52,,
"IT","Italia","E_RBTS_PERC","robot di servizio","0034","totale servizi non finanziari (g-n, incluso 951, escluso 75 e k)","W10_49","10-49","2020","2020",1.71,,
"IT","Italia","E_P3D_PERC","stampa 3D","0034","totale servizi non finanziari (g-n, incluso 951, escluso 75 e k)","W_GE10","10 e più","2018","2018",1.9,,
"IT","Italia","E_P3D_PERC","stampa 3D","0034","totale servizi non finanziari (g-n, incluso 951, escluso 75 e k)","W_GE10","10 e più","2020","2020",1.95,,
"IT","Italia","E_RBT_PERC","robot","0034","totale servizi non finanziari (g-n, incluso 951, escluso 75 e k)","W_GE10","10 e più","2018","2018",3.27,,
"IT","Italia","E_RBT_PERC","robot","0034","totale servizi non finanziari (g-n, incluso 951, escluso 75 e k)","W_GE10","10 e più","2020","2020",2.66,,
"IT","Italia","E_RBTI_PERC","robot industriali","0034","totale servizi non finanziari (g-n, incluso 951, escluso 75 e k)","W_GE10","10 e più","2018","2018",0.84,,
"IT","Italia","E_RBTI_PERC","robot industriali","0034","totale servizi non finanziari (g-n, incluso 951, escluso 75 e k)","W_GE10","10 e più","2020","2020",1.02,,
"IT","Italia","E_RBTS_PERC","robot di servizio","0034","totale servizi non finanziari (g-n, incluso 951, escluso 75 e k)","W_GE10","10 e più","2018","2018",2.62,,
"IT","Italia","E_RBTS_PERC","robot di servizio","0034","totale servizi non finanziari (g-n, incluso 951, escluso 75 e k)","W_GE10","10 e più","2020","2020",1.89,,
"IT","Italia","E_P3D_PERC","stampa 3D","0034","totale servizi non finanziari (g-n, incluso 951, escluso 75 e k)","W50_99","50-99","2018","2018",2.56,,
"IT","Italia","E_P3D_PERC","stampa 3D","0034","totale servizi non finanziari (g-n, incluso 951, escluso 75 e k)","W50_99","50-99","2020","2020",2.13,,
"IT","Italia","E_RBT_PERC","robot","0034","totale servizi non finanziari (g-n, incluso 951, escluso 75 e k)","W50_99","50-99","2018","2018",4.04,,
"IT","Italia","E_RBT_PERC","robot","0034","totale servizi non finanziari (g-n, incluso 951, escluso 75 e k)","W50_99","50-99","2020","2020",3.56,,
"IT","Italia","E_RBTI_PERC","robot industriali","0034","totale servizi non finanziari (g-n, incluso 951, escluso 75 e k)","W50_99","50-99","2018","2018",0.72,,
"IT","Italia","E_RBTI_PERC","robot industriali","0034","totale servizi non finanziari (g-n, incluso 951, escluso 75 e k)","W50_99","50-99","2020","2020",1.19,,
"IT","Italia","E_RBTS_PERC","robot di servizio","0034","totale servizi non finanziari (g-n, incluso 951, escluso 75 e k)","W50_99","50-99","2018","2018",3.54,,
"IT","Italia","E_RBTS_PERC","robot di servizio","0034","totale servizi non finanziari (g-n, incluso 951, escluso 75 e k)","W50_99","50-99","2020","2020",2.8,,
"IT","Italia","E_P3D_PERC","stampa 3D","0034","totale servizi non finanziari (g-n, incluso 951, escluso 75 e k)","W100_249","100-249","2018","2018",2.48,,
"IT","Italia","E_P3D_PERC","stampa 3D","0034","totale servizi non finanziari (g-n, incluso 951, escluso 75 e k)","W100_249","100-249","2020","2020",3.03,,
"IT","Italia","E_RBT_PERC","robot","0034","totale servizi non finanziari (g-n, incluso 951, escluso 75 e k)","W100_249","100-249","2018","2018",2.62,,
"IT","Italia","E_RBT_PERC","robot","0034","totale servizi non finanziari (g-n, incluso 951, escluso 75 e k)","W100_249","100-249","2020","2020",4.22,,
"IT","Italia","E_RBTI_PERC","robot industriali","0034","totale servizi non finanziari (g-n, incluso 951, escluso 75 e k)","W100_249","100-249","2018","2018",0.52,,
"IT","Italia","E_RBTI_PERC","robot industriali","0034","totale servizi non finanziari (g-n, incluso 951, escluso 75 e k)","W100_249","100-249","2020","2020",1.47,,
"IT","Italia","E_RBTS_PERC","robot di servizio","0034","totale servizi non finanziari (g-n, incluso 951, escluso 75 e k)","W100_249","100-249","2018","2018",2.19,,
"IT","Italia","E_RBTS_PERC","robot di servizio","0034","totale servizi non finanziari (g-n, incluso 951, escluso 75 e k)","W100_249","100-249","2020","2020",3.09,,
"IT","Italia","E_P3D_PERC","stampa 3D","0034","totale servizi non finanziari (g-n, incluso 951, escluso 75 e k)","W_GE250","250 e più","2018","2018",3.21,,
"IT","Italia","E_P3D_PERC","stampa 3D","0034","totale servizi non finanziari (g-n, incluso 951, escluso 75 e k)","W_GE250","250 e più","2020","2020",2.67,,
"IT","Italia","E_RBT_PERC","robot","0034","totale servizi non finanziari (g-n, incluso 951, escluso 75 e k)","W_GE250","250 e più","2018","2018",5.86,,
"IT","Italia","E_RBT_PERC","robot","0034","totale servizi non finanziari (g-n, incluso 951, escluso 75 e k)","W_GE250","250 e più","2020","2020",7.53,,
"IT","Italia","E_RBTI_PERC","robot industriali","0034","totale servizi non finanziari (g-n, incluso 951, escluso 75 e k)","W_GE250","250 e più","2018","2018",0.83,,
"IT","Italia","E_RBTI_PERC","robot industriali","0034","totale servizi non finanziari (g-n, incluso 951, escluso 75 e k)","W_GE250","250 e più","2020","2020",2.66,,
"IT","Italia","E_RBTS_PERC","robot di servizio","0034","totale servizi non finanziari (g-n, incluso 951, escluso 75 e k)","W_GE250","250 e più","2018","2018",5.24,,
"IT","Italia","E_RBTS_PERC","robot di servizio","0034","totale servizi non finanziari (g-n, incluso 951, escluso 75 e k)","W_GE250","250 e più","2020","2020",5.72,,
"IT","Italia","E_P3D_PERC","stampa 3D","0035","totale attività economiche (c-n, inclusa la 951, escluse 75 e k)","W10_49","10-49","2018","2018",3.54,,
"IT","Italia","E_P3D_PERC","stampa 3D","0035","totale attività economiche (c-n, inclusa la 951, escluse 75 e k)","W10_49","10-49","2020","2020",3.92,,
"IT","Italia","E_RBT_PERC","robot","0035","totale attività economiche (c-n, inclusa la 951, escluse 75 e k)","W10_49","10-49","2018","2018",7.41,,
"IT","Italia","E_RBT_PERC","robot","0035","totale attività economiche (c-n, inclusa la 951, escluse 75 e k)","W10_49","10-49","2020","2020",7.19,,
"IT","Italia","E_RBTI_PERC","robot industriali","0035","totale attività economiche (c-n, inclusa la 951, escluse 75 e k)","W10_49","10-49","2018","2018",5.05,,
"IT","Italia","E_RBTI_PERC","robot industriali","0035","totale attività economiche (c-n, inclusa la 951, escluse 75 e k)","W10_49","10-49","2020","2020",5.33,,
"IT","Italia","E_RBTS_PERC","robot di servizio","0035","totale attività economiche (c-n, inclusa la 951, escluse 75 e k)","W10_49","10-49","2018","2018",2.86,,
"IT","Italia","E_RBTS_PERC","robot di servizio","0035","totale attività economiche (c-n, inclusa la 951, escluse 75 e k)","W10_49","10-49","2020","2020",2.47,,
"IT","Italia","E_P3D_PERC","stampa 3D","0035","totale attività economiche (c-n, inclusa la 951, escluse 75 e k)","W_GE10","10 e più","2018","2018",4.4,,
"IT","Italia","E_P3D_PERC","stampa 3D","0035","totale attività economiche (c-n, inclusa la 951, escluse 75 e k)","W_GE10","10 e più","2020","2020",4.68,,
"IT","Italia","E_RBT_PERC","robot","0035","totale attività economiche (c-n, inclusa la 951, escluse 75 e k)","W_GE10","10 e più","2018","2018",8.71,,
"IT","Italia","E_RBT_PERC","robot","0035","totale attività economiche (c-n, inclusa la 951, escluse 75 e k)","W_GE10","10 e più","2020","2020",8.79,,
"IT","Italia","E_RBTI_PERC","robot industriali","0035","totale attività economiche (c-n, inclusa la 951, escluse 75 e k)","W_GE10","10 e più","2018","2018",6.08,,
"IT","Italia","E_RBTI_PERC","robot industriali","0035","totale attività economiche (c-n, inclusa la 951, escluse 75 e k)","W_GE10","10 e più","2020","2020",6.72,,
"IT","Italia","E_RBTS_PERC","robot di servizio","0035","totale attività economiche (c-n, inclusa la 951, escluse 75 e k)","W_GE10","10 e più","2018","2018",3.52,,
"IT","Italia","E_RBTS_PERC","robot di servizio","0035","totale attività economiche (c-n, inclusa la 951, escluse 75 e k)","W_GE10","10 e più","2020","2020",3.07,,
"IT","Italia","E_P3D_PERC","stampa 3D","0035","totale attività economiche (c-n, inclusa la 951, escluse 75 e k)","W50_99","50-99","2018","2018",9.48,,
"IT","Italia","E_P3D_PERC","stampa 3D","0035","totale attività economiche (c-n, inclusa la 951, escluse 75 e k)","W50_99","50-99","2020","2020",8.09,,
"IT","Italia","E_RBT_PERC","robot","0035","totale attività economiche (c-n, inclusa la 951, escluse 75 e k)","W50_99","50-99","2018","2018",15.18,,
"IT","Italia","E_RBT_PERC","robot","0035","totale attività economiche (c-n, inclusa la 951, escluse 75 e k)","W50_99","50-99","2020","2020",17.6,,
"IT","Italia","E_RBTI_PERC","robot industriali","0035","totale attività economiche (c-n, inclusa la 951, escluse 75 e k)","W50_99","50-99","2018","2018",11.59,,
"IT","Italia","E_RBTI_PERC","robot industriali","0035","totale attività economiche (c-n, inclusa la 951, escluse 75 e k)","W50_99","50-99","2020","2020",15.24,,
"IT","Italia","E_RBTS_PERC","robot di servizio","0035","totale attività economiche (c-n, inclusa la 951, escluse 75 e k)","W50_99","50-99","2018","2018",5.55,,
"IT","Italia","E_RBTS_PERC","robot di servizio","0035","totale attività economiche (c-n, inclusa la 951, escluse 75 e k)","W50_99","50-99","2020","2020",4.58,,
"IT","Italia","E_P3D_PERC","stampa 3D","0035","totale attività economiche (c-n, inclusa la 951, escluse 75 e k)","W100_249","100-249","2018","2018",12.29,,
"IT","Italia","E_P3D_PERC","stampa 3D","0035","totale attività economiche (c-n, inclusa la 951, escluse 75 e k)","W100_249","100-249","2020","2020",12.63,,
"IT","Italia","E_RBT_PERC","robot","0035","totale attività economiche (c-n, inclusa la 951, escluse 75 e k)","W100_249","100-249","2018","2018",20.99,,
"IT","Italia","E_RBT_PERC","robot","0035","totale attività economiche (c-n, inclusa la 951, escluse 75 e k)","W100_249","100-249","2020","2020",22.47,,
"IT","Italia","E_RBTI_PERC","robot industriali","0035","totale attività economiche (c-n, inclusa la 951, escluse 75 e k)","W100_249","100-249","2018","2018",15.9,,
"IT","Italia","E_RBTI_PERC","robot industriali","0035","totale attività economiche (c-n, inclusa la 951, escluse 75 e k)","W100_249","100-249","2020","2020",17.98,,
"IT","Italia","E_RBTS_PERC","robot di servizio","0035","totale attività economiche (c-n, inclusa la 951, escluse 75 e k)","W100_249","100-249","2018","2018",10.67,,
"IT","Italia","E_RBTS_PERC","robot di servizio","0035","totale attività economiche (c-n, inclusa la 951, escluse 75 e k)","W100_249","100-249","2020","2020",9.76,,
"IT","Italia","E_P3D_PERC","stampa 3D","0035","totale attività economiche (c-n, inclusa la 951, escluse 75 e k)","W_GE250","250 e più","2018","2018",13.36,,
"IT","Italia","E_P3D_PERC","stampa 3D","0035","totale attività economiche (c-n, inclusa la 951, escluse 75 e k)","W_GE250","250 e più","2020","2020",14.68,,
"IT","Italia","E_RBT_PERC","robot","0035","totale attività economiche (c-n, inclusa la 951, escluse 75 e k)","W_GE250","250 e più","2018","2018",26.23,,
"IT","Italia","E_RBT_PERC","robot","0035","totale attività economiche (c-n, inclusa la 951, escluse 75 e k)","W_GE250","250 e più","2020","2020",29,,
"IT","Italia","E_RBTI_PERC","robot industriali","0035","totale attività economiche (c-n, inclusa la 951, escluse 75 e k)","W_GE250","250 e più","2018","2018",18.12,,
"IT","Italia","E_RBTI_PERC","robot industriali","0035","totale attività economiche (c-n, inclusa la 951, escluse 75 e k)","W_GE250","250 e più","2020","2020",22.33,,
"IT","Italia","E_RBTS_PERC","robot di servizio","0035","totale attività economiche (c-n, inclusa la 951, escluse 75 e k)","W_GE250","250 e più","2018","2018",15.63,,
"IT","Italia","E_RBTS_PERC","robot di servizio","0035","totale attività economiche (c-n, inclusa la 951, escluse 75 e k)","W_GE250","250 e più","2020","2020",14.71,,
"IT","Italia","E_P3D_PERC","stampa 3D","0036","fornitura di energia elettrica, gas, vapore e aria condizionata, acqua, reti fognarie, attività di gestione dei rifiuti e risanamento (d-e)","W10_49","10-49","2018","2018",0.56,,
"IT","Italia","E_P3D_PERC","stampa 3D","0036","fornitura di energia elettrica, gas, vapore e aria condizionata, acqua, reti fognarie, attività di gestione dei rifiuti e risanamento (d-e)","W10_49","10-49","2020","2020",0.7,,
"IT","Italia","E_RBT_PERC","robot","0036","fornitura di energia elettrica, gas, vapore e aria condizionata, acqua, reti fognarie, attività di gestione dei rifiuti e risanamento (d-e)","W10_49","10-49","2018","2018",1.84,,
"IT","Italia","E_RBT_PERC","robot","0036","fornitura di energia elettrica, gas, vapore e aria condizionata, acqua, reti fognarie, attività di gestione dei rifiuti e risanamento (d-e)","W10_49","10-49","2020","2020",4.04,,
"IT","Italia","E_RBT_PERC","robot","0036","fornitura di energia elettrica, gas, vapore e aria condizionata, acqua, reti fognarie, attività di gestione dei rifiuti e risanamento (d-e)","W10_49","10-49","2022","2022",2.08,,
"IT","Italia","E_RBTI_PERC","robot industriali","0036","fornitura di energia elettrica, gas, vapore e aria condizionata, acqua, reti fognarie, attività di gestione dei rifiuti e risanamento (d-e)","W10_49","10-49","2018","2018",0.49,,
"IT","Italia","E_RBTI_PERC","robot industriali","0036","fornitura di energia elettrica, gas, vapore e aria condizionata, acqua, reti fognarie, attività di gestione dei rifiuti e risanamento (d-e)","W10_49","10-49","2020","2020",1.27,,
"IT","Italia","E_RBTI_PERC","robot industriali","0036","fornitura di energia elettrica, gas, vapore e aria condizionata, acqua, reti fognarie, attività di gestione dei rifiuti e risanamento (d-e)","W10_49","10-49","2022","2022",0.39,,
"IT","Italia","E_RBTS_PERC","robot di servizio","0036","fornitura di energia elettrica, gas, vapore e aria condizionata, acqua, reti fognarie, attività di gestione dei rifiuti e risanamento (d-e)","W10_49","10-49","2018","2018",1.44,,
"IT","Italia","E_RBTS_PERC","robot di servizio","0036","fornitura di energia elettrica, gas, vapore e aria condizionata, acqua, reti fognarie, attività di gestione dei rifiuti e risanamento (d-e)","W10_49","10-49","2020","2020",3.35,,
"IT","Italia","E_RBTS_PERC","robot di servizio","0036","fornitura di energia elettrica, gas, vapore e aria condizionata, acqua, reti fognarie, attività di gestione dei rifiuti e risanamento (d-e)","W10_49","10-49","2022","2022",1.8,,
"IT","Italia","E_P3D_PERC","stampa 3D","0036","fornitura di energia elettrica, gas, vapore e aria condizionata, acqua, reti fognarie, attività di gestione dei rifiuti e risanamento (d-e)","W_GE10","10 e più","2018","2018",0.98,,
"IT","Italia","E_P3D_PERC","stampa 3D","0036","fornitura di energia elettrica, gas, vapore e aria condizionata, acqua, reti fognarie, attività di gestione dei rifiuti e risanamento (d-e)","W_GE10","10 e più","2020","2020",0.77,,
"IT","Italia","E_RBT_PERC","robot","0036","fornitura di energia elettrica, gas, vapore e aria condizionata, acqua, reti fognarie, attività di gestione dei rifiuti e risanamento (d-e)","W_GE10","10 e più","2018","2018",1.9,,
"IT","Italia","E_RBT_PERC","robot","0036","fornitura di energia elettrica, gas, vapore e aria condizionata, acqua, reti fognarie, attività di gestione dei rifiuti e risanamento (d-e)","W_GE10","10 e più","2020","2020",3.84,,
"IT","Italia","E_RBT_PERC","robot","0036","fornitura di energia elettrica, gas, vapore e aria condizionata, acqua, reti fognarie, attività di gestione dei rifiuti e risanamento (d-e)","W_GE10","10 e più","2022","2022",2.29,,
"IT","Italia","E_RBTI_PERC","robot industriali","0036","fornitura di energia elettrica, gas, vapore e aria condizionata, acqua, reti fognarie, attività di gestione dei rifiuti e risanamento (d-e)","W_GE10","10 e più","2018","2018",0.51,,
"IT","Italia","E_RBTI_PERC","robot industriali","0036","fornitura di energia elettrica, gas, vapore e aria condizionata, acqua, reti fognarie, attività di gestione dei rifiuti e risanamento (d-e)","W_GE10","10 e più","2020","2020",1.21,,
"IT","Italia","E_RBTI_PERC","robot industriali","0036","fornitura di energia elettrica, gas, vapore e aria condizionata, acqua, reti fognarie, attività di gestione dei rifiuti e risanamento (d-e)","W_GE10","10 e più","2022","2022",0.62,,
"IT","Italia","E_RBTS_PERC","robot di servizio","0036","fornitura di energia elettrica, gas, vapore e aria condizionata, acqua, reti fognarie, attività di gestione dei rifiuti e risanamento (d-e)","W_GE10","10 e più","2018","2018",1.48,,
"IT","Italia","E_RBTS_PERC","robot di servizio","0036","fornitura di energia elettrica, gas, vapore e aria condizionata, acqua, reti fognarie, attività di gestione dei rifiuti e risanamento (d-e)","W_GE10","10 e più","2020","2020",3.29,,
"IT","Italia","E_RBTS_PERC","robot di servizio","0036","fornitura di energia elettrica, gas, vapore e aria condizionata, acqua, reti fognarie, attività di gestione dei rifiuti e risanamento (d-e)","W_GE10","10 e più","2022","2022",1.93,,
"IT","Italia","E_P3D_PERC","stampa 3D","0036","fornitura di energia elettrica, gas, vapore e aria condizionata, acqua, reti fognarie, attività di gestione dei rifiuti e risanamento (d-e)","W50_99","50-99","2018","2018",,"c","dato oscurato per la tutela del segreto statistico"
"IT","Italia","E_P3D_PERC","stampa 3D","0036","fornitura di energia elettrica, gas, vapore e aria condizionata, acqua, reti fognarie, attività di gestione dei rifiuti e risanamento (d-e)","W50_99","50-99","2020","2020",,"g","il fenomeno esiste, ma i dati non si conoscono per qualsiasi ragione"
"IT","Italia","E_RBT_PERC","robot","0036","fornitura di energia elettrica, gas, vapore e aria condizionata, acqua, reti fognarie, attività di gestione dei rifiuti e risanamento (d-e)","W50_99","50-99","2018","2018",1.14,,
"IT","Italia","E_RBT_PERC","robot","0036","fornitura di energia elettrica, gas, vapore e aria condizionata, acqua, reti fognarie, attività di gestione dei rifiuti e risanamento (d-e)","W50_99","50-99","2020","2020",1.78,,
"IT","Italia","E_RBT_PERC","robot","0036","fornitura di energia elettrica, gas, vapore e aria condizionata, acqua, reti fognarie, attività di gestione dei rifiuti e risanamento (d-e)","W50_99","50-99","2022","2022",2.4,,
"IT","Italia","E_RBTI_PERC","robot industriali","0036","fornitura di energia elettrica, gas, vapore e aria condizionata, acqua, reti fognarie, attività di gestione dei rifiuti e risanamento (d-e)","W50_99","50-99","2018","2018",,"g","il fenomeno esiste, ma i dati non si conoscono per qualsiasi ragione"
"IT","Italia","E_RBTI_PERC","robot industriali","0036","fornitura di energia elettrica, gas, vapore e aria condizionata, acqua, reti fognarie, attività di gestione dei rifiuti e risanamento (d-e)","W50_99","50-99","2020","2020",,"c","dato oscurato per la tutela del segreto statistico"
"IT","Italia","E_RBTI_PERC","robot industriali","0036","fornitura di energia elettrica, gas, vapore e aria condizionata, acqua, reti fognarie, attività di gestione dei rifiuti e risanamento (d-e)","W50_99","50-99","2022","2022",0.88,,
"IT","Italia","E_RBTS_PERC","robot di servizio","0036","fornitura di energia elettrica, gas, vapore e aria condizionata, acqua, reti fognarie, attività di gestione dei rifiuti e risanamento (d-e)","W50_99","50-99","2018","2018",1.14,,
"IT","Italia","E_RBTS_PERC","robot di servizio","0036","fornitura di energia elettrica, gas, vapore e aria condizionata, acqua, reti fognarie, attività di gestione dei rifiuti e risanamento (d-e)","W50_99","50-99","2020","2020",1.44,,
"IT","Italia","E_RBTS_PERC","robot di servizio","0036","fornitura di energia elettrica, gas, vapore e aria condizionata, acqua, reti fognarie, attività di gestione dei rifiuti e risanamento (d-e)","W50_99","50-99","2022","2022",1.53,,
"IT","Italia","E_P3D_PERC","stampa 3D","0036","fornitura di energia elettrica, gas, vapore e aria condizionata, acqua, reti fognarie, attività di gestione dei rifiuti e risanamento (d-e)","W100_249","100-249","2018","2018",4.46,,
"IT","Italia","E_P3D_PERC","stampa 3D","0036","fornitura di energia elettrica, gas, vapore e aria condizionata, acqua, reti fognarie, attività di gestione dei rifiuti e risanamento (d-e)","W100_249","100-249","2020","2020",1.7,,
"IT","Italia","E_RBT_PERC","robot","0036","fornitura di energia elettrica, gas, vapore e aria condizionata, acqua, reti fognarie, attività di gestione dei rifiuti e risanamento (d-e)","W100_249","100-249","2018","2018",1.84,,
"IT","Italia","E_RBT_PERC","robot","0036","fornitura di energia elettrica, gas, vapore e aria condizionata, acqua, reti fognarie, attività di gestione dei rifiuti e risanamento (d-e)","W100_249","100-249","2020","2020",4.44,,
"IT","Italia","E_RBT_PERC","robot","0036","fornitura di energia elettrica, gas, vapore e aria condizionata, acqua, reti fognarie, attività di gestione dei rifiuti e risanamento (d-e)","W100_249","100-249","2022","2022",,"c","dato oscurato per la tutela del segreto statistico"
"IT","Italia","E_RBTI_PERC","robot industriali","0036","fornitura di energia elettrica, gas, vapore e aria condizionata, acqua, reti fognarie, attività di gestione dei rifiuti e risanamento (d-e)","W100_249","100-249","2018","2018",1.34,,
"IT","Italia","E_RBTI_PERC","robot industriali","0036","fornitura di energia elettrica, gas, vapore e aria condizionata, acqua, reti fognarie, attività di gestione dei rifiuti e risanamento (d-e)","W100_249","100-249","2020","2020",,"c","dato oscurato per la tutela del segreto statistico"
"IT","Italia","E_RBTI_PERC","robot industriali","0036","fornitura di energia elettrica, gas, vapore e aria condizionata, acqua, reti fognarie, attività di gestione dei rifiuti e risanamento (d-e)","W100_249","100-249","2022","2022",,"g","il fenomeno esiste, ma i dati non si conoscono per qualsiasi ragione"
"IT","Italia","E_RBTS_PERC","robot di servizio","0036","fornitura di energia elettrica, gas, vapore e aria condizionata, acqua, reti fognarie, attività di gestione dei rifiuti e risanamento (d-e)","W100_249","100-249","2018","2018",,"c","dato oscurato per la tutela del segreto statistico"
"IT","Italia","E_RBTS_PERC","robot di servizio","0036","fornitura di energia elettrica, gas, vapore e aria condizionata, acqua, reti fognarie, attività di gestione dei rifiuti e risanamento (d-e)","W100_249","100-249","2020","2020",4.44,,
"IT","Italia","E_RBTS_PERC","robot di servizio","0036","fornitura di energia elettrica, gas, vapore e aria condizionata, acqua, reti fognarie, attività di gestione dei rifiuti e risanamento (d-e)","W100_249","100-249","2022","2022",,"c","dato oscurato per la tutela del segreto statistico"
"IT","Italia","E_P3D_PERC","stampa 3D","0036","fornitura di energia elettrica, gas, vapore e aria condizionata, acqua, reti fognarie, attività di gestione dei rifiuti e risanamento (d-e)","W_GE250","250 e più","2018","2018",2.46,,
"IT","Italia","E_P3D_PERC","stampa 3D","0036","fornitura di energia elettrica, gas, vapore e aria condizionata, acqua, reti fognarie, attività di gestione dei rifiuti e risanamento (d-e)","W_GE250","250 e più","2020","2020",1.74,,
"IT","Italia","E_RBT_PERC","robot","0036","fornitura di energia elettrica, gas, vapore e aria condizionata, acqua, reti fognarie, attività di gestione dei rifiuti e risanamento (d-e)","W_GE250","250 e più","2018","2018",4.13,,
"IT","Italia","E_RBT_PERC","robot","0036","fornitura di energia elettrica, gas, vapore e aria condizionata, acqua, reti fognarie, attività di gestione dei rifiuti e risanamento (d-e)","W_GE250","250 e più","2020","2020",4.17,,
"IT","Italia","E_RBT_PERC","robot","0036","fornitura di energia elettrica, gas, vapore e aria condizionata, acqua, reti fognarie, attività di gestione dei rifiuti e risanamento (d-e)","W_GE250","250 e più","2022","2022",6.46,,
"IT","Italia","E_RBTI_PERC","robot industriali","0036","fornitura di energia elettrica, gas, vapore e aria condizionata, acqua, reti fognarie, attività di gestione dei rifiuti e risanamento (d-e)","W_GE250","250 e più","2018","2018",,"c","dato oscurato per la tutela del segreto statistico"
"IT","Italia","E_RBTI_PERC","robot industriali","0036","fornitura di energia elettrica, gas, vapore e aria condizionata, acqua, reti fognarie, attività di gestione dei rifiuti e risanamento (d-e)","W_GE250","250 e più","2020","2020",1.75,,
"IT","Italia","E_RBTI_PERC","robot industriali","0036","fornitura di energia elettrica, gas, vapore e aria condizionata, acqua, reti fognarie, attività di gestione dei rifiuti e risanamento (d-e)","W_GE250","250 e più","2022","2022",3.55,,
"IT","Italia","E_RBTS_PERC","robot di servizio","0036","fornitura di energia elettrica, gas, vapore e aria condizionata, acqua, reti fognarie, attività di gestione dei rifiuti e risanamento (d-e)","W_GE250","250 e più","2018","2018",4.13,,
"IT","Italia","E_RBTS_PERC","robot di servizio","0036","fornitura di energia elettrica, gas, vapore e aria condizionata, acqua, reti fognarie, attività di gestione dei rifiuti e risanamento (d-e)","W_GE250","250 e più","2020","2020",4.17,,
"IT","Italia","E_RBTS_PERC","robot di servizio","0036","fornitura di energia elettrica, gas, vapore e aria condizionata, acqua, reti fognarie, attività di gestione dei rifiuti e risanamento (d-e)","W_GE250","250 e più","2022","2022",5.66,,
"IT","Italia","E_P3D_PERC","stampa 3D","0049","trasporto e magazzinaggio, esclusi servizi postali e corrieri (h escluso 53)","W_GE10","10 e più","2018","2018",0.13,,
"IT","Italia","E_P3D_PERC","stampa 3D","0049","trasporto e magazzinaggio, esclusi servizi postali e corrieri (h escluso 53)","W_GE10","10 e più","2020","2020",0.51,,
"IT","Italia","E_RBT_PERC","robot","0049","trasporto e magazzinaggio, esclusi servizi postali e corrieri (h escluso 53)","W_GE10","10 e più","2018","2018",3.03,,
"IT","Italia","E_RBT_PERC","robot","0049","trasporto e magazzinaggio, esclusi servizi postali e corrieri (h escluso 53)","W_GE10","10 e più","2020","2020",3,,
"IT","Italia","E_RBT_PERC","robot","0049","trasporto e magazzinaggio, esclusi servizi postali e corrieri (h escluso 53)","W_GE10","10 e più","2022","2022",4.66,,
"IT","Italia","E_RBTI_PERC","robot industriali","0049","trasporto e magazzinaggio, esclusi servizi postali e corrieri (h escluso 53)","W_GE10","10 e più","2018","2018",0.73,,
"IT","Italia","E_RBTI_PERC","robot industriali","0049","trasporto e magazzinaggio, esclusi servizi postali e corrieri (h escluso 53)","W_GE10","10 e più","2020","2020",0.08,,
"IT","Italia","E_RBTI_PERC","robot industriali","0049","trasporto e magazzinaggio, esclusi servizi postali e corrieri (h escluso 53)","W_GE10","10 e più","2022","2022",0.27,,
"IT","Italia","E_RBTS_PERC","robot di servizio","0049","trasporto e magazzinaggio, esclusi servizi postali e corrieri (h escluso 53)","W_GE10","10 e più","2018","2018",2.53,,
"IT","Italia","E_RBTS_PERC","robot di servizio","0049","trasporto e magazzinaggio, esclusi servizi postali e corrieri (h escluso 53)","W_GE10","10 e più","2020","2020",2.95,,
"IT","Italia","E_RBTS_PERC","robot di servizio","0049","trasporto e magazzinaggio, esclusi servizi postali e corrieri (h escluso 53)","W_GE10","10 e più","2022","2022",4.6,,
"IT","Italia","E_RBT_PERC","robot","M","attività professionali, scientifiche e tecniche","W_GE10","10 e più","2022","2022",2.09,,
"IT","Italia","E_RBTI_PERC","robot industriali","M","attività professionali, scientifiche e tecniche","W_GE10","10 e più","2022","2022",1.84,,
"IT","Italia","E_RBTS_PERC","robot di servizio","M","attività professionali, scientifiche e tecniche","W_GE10","10 e più","2022","2022",1.46,,
"IT","Italia","E_RBT_PERC","robot","0034_B","totale servizi non finanziari (g-n, incluso 951, escluso k)","W10_49","10-49","2022","2022",2.92,,
"IT","Italia","E_RBTI_PERC","robot industriali","0034_B","totale servizi non finanziari (g-n, incluso 951, escluso k)","W10_49","10-49","2022","2022",1.04,,
"IT","Italia","E_RBTS_PERC","robot di servizio","0034_B","totale servizi non finanziari (g-n, incluso 951, escluso k)","W10_49","10-49","2022","2022",2.18,,
"IT","Italia","E_RBT_PERC","robot","0034_B","totale servizi non finanziari (g-n, incluso 951, escluso k)","W_GE10","10 e più","2022","2022",3.43,,
"IT","Italia","E_RBTI_PERC","robot industriali","0034_B","totale servizi non finanziari (g-n, incluso 951, escluso k)","W_GE10","10 e più","2022","2022",1.14,,
"IT","Italia","E_RBTS_PERC","robot di servizio","0034_B","totale servizi non finanziari (g-n, incluso 951, escluso k)","W_GE10","10 e più","2022","2022",2.65,,
"IT","Italia","E_RBT_PERC","robot","0034_B","totale servizi non finanziari (g-n, incluso 951, escluso k)","W50_99","50-99","2022","2022",5.24,,
"IT","Italia","E_RBTI_PERC","robot industriali","0034_B","totale servizi non finanziari (g-n, incluso 951, escluso k)","W50_99","50-99","2022","2022",1.53,,
"IT","Italia","E_RBTS_PERC","robot di servizio","0034_B","totale servizi non finanziari (g-n, incluso 951, escluso k)","W50_99","50-99","2022","2022",4.27,,
"IT","Italia","E_RBT_PERC","robot","0034_B","totale servizi non finanziari (g-n, incluso 951, escluso k)","W100_249","100-249","2022","2022",10.09,,
"IT","Italia","E_RBTI_PERC","robot industriali","0034_B","totale servizi non finanziari (g-n, incluso 951, escluso k)","W100_249","100-249","2022","2022",2.05,,
"IT","Italia","E_RBTS_PERC","robot di servizio","0034_B","totale servizi non finanziari (g-n, incluso 951, escluso k)","W100_249","100-249","2022","2022",8.83,,
"IT","Italia","E_RBT_PERC","robot","0034_B","totale servizi non finanziari (g-n, incluso 951, escluso k)","W_GE250","250 e più","2022","2022",9.3,,
"IT","Italia","E_RBTI_PERC","robot industriali","0034_B","totale servizi non finanziari (g-n, incluso 951, escluso k)","W_GE250","250 e più","2022","2022",2.83,,
"IT","Italia","E_RBTS_PERC","robot di servizio","0034_B","totale servizi non finanziari (g-n, incluso 951, escluso k)","W_GE250","250 e più","2022","2022",8.03,,
"IT","Italia","E_RBT_PERC","robot","0035_B","totale attività economiche (c-n, inclusa la 951, escluso k)","W10_49","10-49","2022","2022",6.89,,
"IT","Italia","E_RBTI_PERC","robot industriali","0035_B","totale attività economiche (c-n, inclusa la 951, escluso k)","W10_49","10-49","2022","2022",4.83,,
"IT","Italia","E_RBTS_PERC","robot di servizio","0035_B","totale attività economiche (c-n, inclusa la 951, escluso k)","W10_49","10-49","2022","2022",3.2,,
"IT","Italia","E_RBT_PERC","robot","0035_B","totale attività economiche (c-n, inclusa la 951, escluso k)","W_GE10","10 e più","2022","2022",8.66,,
"IT","Italia","E_RBTI_PERC","robot industriali","0035_B","totale attività economiche (c-n, inclusa la 951, escluso k)","W_GE10","10 e più","2022","2022",6.21,,
"IT","Italia","E_RBTS_PERC","robot di servizio","0035_B","totale attività economiche (c-n, inclusa la 951, escluso k)","W_GE10","10 e più","2022","2022",4.1,,
"IT","Italia","E_RBT_PERC","robot","0035_B","totale attività economiche (c-n, inclusa la 951, escluso k)","W50_99","50-99","2022","2022",16.82,,
"IT","Italia","E_RBTI_PERC","robot industriali","0035_B","totale attività economiche (c-n, inclusa la 951, escluso k)","W50_99","50-99","2022","2022",13.06,,
"IT","Italia","E_RBTS_PERC","robot di servizio","0035_B","totale attività economiche (c-n, inclusa la 951, escluso k)","W50_99","50-99","2022","2022",7.42,,
"IT","Italia","E_RBT_PERC","robot","0035_B","totale attività economiche (c-n, inclusa la 951, escluso k)","W100_249","100-249","2022","2022",24.06,,
"IT","Italia","E_RBTI_PERC","robot industriali","0035_B","totale attività economiche (c-n, inclusa la 951, escluso k)","W100_249","100-249","2022","2022",17.5,,
"IT","Italia","E_RBTS_PERC","robot di servizio","0035_B","totale attività economiche (c-n, inclusa la 951, escluso k)","W100_249","100-249","2022","2022",11.42,,
"IT","Italia","E_RBT_PERC","robot","0035_B","totale attività economiche (c-n, inclusa la 951, escluso k)","W_GE250","250 e più","2022","2022",29.83,,
"IT","Italia","E_RBTI_PERC","robot industriali","0035_B","totale attività economiche (c-n, inclusa la 951, escluso k)","W_GE250","250 e più","2022","2022",22.55,,
"IT","Italia","E_RBTS_PERC","robot di servizio","0035_B","totale attività economiche (c-n, inclusa la 951, escluso k)","W_GE250","250 e più","2022","2022",18.73,,
